{"page":1,"pageTotal":1,"externalIssues":[{"host_id":"2994907","finding_number":"151488-18f3501da37ab6566737ea60e5dbdf8c","scan_type":"NESSUS","finding_justification_key":"151488-18f3501da37ab6566737ea60e5dbdf8c-ab7ff2d4b5e220e00c8ce4499b353e61","instance_key":"NESSUS-151488-18f3501da37ab6566737ea60e5dbdf8c-2994907-151488-18f3501da37ab6566737ea60e5dbdf8c-ab7ff2d4b5e220e00c8ce4499b353e61","issue_type":"JIRA","issue_key":"ZEDI-100922","issue_title":"Nucleus: Windows PrintNightmare Registry Exposure CVE-2021-34527 OOB Security Update RCE (July 2021)","issue_url":"https:\/\/dev-onezelis.atlassian.net\/browse\/ZEDI-100922","issue_parent":"","issue_priority":"","issue_status":"New","issue_assignee":"","issue_created":"2025-11-19 21:43:47","issue_updated":"2026-01-10 14:52:21","issue_synced":"2026-01-08 20:25:53","issue_closed":"0","ticket_closed_date":null,"finding_mitigated":"1"},{"host_id":"2998069","finding_number":"151488-18f3501da37ab6566737ea60e5dbdf8c","scan_type":"NESSUS","finding_justification_key":"151488-18f3501da37ab6566737ea60e5dbdf8c-ab7ff2d4b5e220e00c8ce4499b353e61","instance_key":"NESSUS-151488-18f3501da37ab6566737ea60e5dbdf8c-2998069-151488-18f3501da37ab6566737ea60e5dbdf8c-ab7ff2d4b5e220e00c8ce4499b353e61","issue_type":"JIRA","issue_key":"ZEDI-100922","issue_title":"Nucleus: Windows PrintNightmare Registry Exposure CVE-2021-34527 OOB Security Update RCE (July 2021)","issue_url":"https:\/\/dev-onezelis.atlassian.net\/browse\/ZEDI-100922","issue_parent":"","issue_priority":"","issue_status":"New","issue_assignee":"","issue_created":"2025-11-19 21:43:47","issue_updated":"2026-01-10 14:52:21","issue_synced":"2026-01-08 20:25:53","issue_closed":"0","ticket_closed_date":null,"finding_mitigated":"0"},{"host_id":"2993986","finding_number":"151488-18f3501da37ab6566737ea60e5dbdf8c","scan_type":"NESSUS","finding_justification_key":"151488-18f3501da37ab6566737ea60e5dbdf8c-ab7ff2d4b5e220e00c8ce4499b353e61","instance_key":"NESSUS-151488-18f3501da37ab6566737ea60e5dbdf8c-2993986-151488-18f3501da37ab6566737ea60e5dbdf8c-ab7ff2d4b5e220e00c8ce4499b353e61","issue_type":"JIRA","issue_key":"ZEDI-100922","issue_title":"Nucleus: Windows PrintNightmare Registry Exposure CVE-2021-34527 OOB Security Update RCE (July 2021)","issue_url":"https:\/\/dev-onezelis.atlassian.net\/browse\/ZEDI-100922","issue_parent":"","issue_priority":"","issue_status":"New","issue_assignee":"","issue_created":"2025-11-19 21:43:47","issue_updated":"2026-01-10 14:52:21","issue_synced":"2026-01-08 20:25:53","issue_closed":"0","ticket_closed_date":null,"finding_mitigated":"1"},{"host_id":"2993719","finding_number":"151488-18f3501da37ab6566737ea60e5dbdf8c","scan_type":"NESSUS","finding_justification_key":"151488-18f3501da37ab6566737ea60e5dbdf8c-ab7ff2d4b5e220e00c8ce4499b353e61","instance_key":"NESSUS-151488-18f3501da37ab6566737ea60e5dbdf8c-2993719-151488-18f3501da37ab6566737ea60e5dbdf8c-ab7ff2d4b5e220e00c8ce4499b353e61","issue_type":"JIRA","issue_key":"ZEDI-100922","issue_title":"Nucleus: Windows PrintNightmare Registry Exposure CVE-2021-34527 OOB Security Update RCE (July 2021)","issue_url":"https:\/\/dev-onezelis.atlassian.net\/browse\/ZEDI-100922","issue_parent":"","issue_priority":"","issue_status":"New","issue_assignee":"","issue_created":"2025-11-19 21:43:47","issue_updated":"2026-01-10 14:52:21","issue_synced":"2026-01-08 20:25:53","issue_closed":"0","ticket_closed_date":null,"finding_mitigated":"0"}]}