{"page":1,"pageTotal":3,"assetGroups":[{"host_id":"2993644","asset_group_source":"rule","asset_group_name":"~~Business Owner"},{"host_id":"2993645","asset_group_source":"rule","asset_group_name":"~~Business Owner"},{"host_id":"2993649","asset_group_source":"rule","asset_group_name":"~~Business Owner"},{"host_id":"2993650","asset_group_source":"rule","asset_group_name":"~~Business Owner"},{"host_id":"2993651","asset_group_source":"rule","asset_group_name":"~~Business Owner"},{"host_id":"2993652","asset_group_source":"rule","asset_group_name":"~~Business Owner"},{"host_id":"2993653","asset_group_source":"rule","asset_group_name":"~~Business Owner"},{"host_id":"2993654","asset_group_source":"rule","asset_group_name":"~~Business Owner"},{"host_id":"2993655","asset_group_source":"rule","asset_group_name":"~~Business Owner"},{"host_id":"2993659","asset_group_source":"rule","asset_group_name":"~~Business Owner"},{"host_id":"2993660","asset_group_source":"rule","asset_group_name":"~~Business Owner"},{"host_id":"2993665","asset_group_source":"rule","asset_group_name":"~~Business Owner"},{"host_id":"2993667","asset_group_source":"rule","asset_group_name":"~~Business Owner"},{"host_id":"2993668","asset_group_source":"rule","asset_group_name":"~~Business Owner"},{"host_id":"2993670","asset_group_source":"rule","asset_group_name":"~~Business Owner"},{"host_id":"2993671","asset_group_source":"rule","asset_group_name":"~~Business Owner"},{"host_id":"2993672","asset_group_source":"rule","asset_group_name":"~~Business Owner"},{"host_id":"2993673","asset_group_source":"rule","asset_group_name":"~~Business Owner"},{"host_id":"2993674","asset_group_source":"rule","asset_group_name":"~~Business Owner"},{"host_id":"2993675","asset_group_source":"rule","asset_group_name":"~~Business Owner"},{"host_id":"2993676","asset_group_source":"rule","asset_group_name":"~~Business Owner"},{"host_id":"2993679","asset_group_source":"rule","asset_group_name":"~~Business Owner"},{"host_id":"2993680","asset_group_source":"rule","asset_group_name":"~~Business Owner"},{"host_id":"2993681","asset_group_source":"rule","asset_group_name":"~~Business Owner"},{"host_id":"2993683","asset_group_source":"rule","asset_group_name":"~~Business Owner"},{"host_id":"2993684","asset_group_source":"rule","asset_group_name":"~~Business Owner"},{"host_id":"2993685","asset_group_source":"rule","asset_group_name":"~~Business Owner"},{"host_id":"2993686","asset_group_source":"rule","asset_group_name":"~~Business Owner"},{"host_id":"2993690","asset_group_source":"rule","asset_group_name":"~~Business Owner"},{"host_id":"2993692","asset_group_source":"rule","asset_group_name":"~~Business Owner"},{"host_id":"2993693","asset_group_source":"rule","asset_group_name":"~~Business Owner"},{"host_id":"2993698","asset_group_source":"rule","asset_group_name":"~~Business Owner"},{"host_id":"2993699","asset_group_source":"rule","asset_group_name":"~~Business Owner"},{"host_id":"2993703","asset_group_source":"rule","asset_group_name":"~~Business Owner"},{"host_id":"2993707","asset_group_source":"rule","asset_group_name":"~~Business Owner"},{"host_id":"2993708","asset_group_source":"rule","asset_group_name":"~~Business Owner"},{"host_id":"2993710","asset_group_source":"rule","asset_group_name":"~~Business Owner"},{"host_id":"2993711","asset_group_source":"rule","asset_group_name":"~~Business Owner"},{"host_id":"2993712","asset_group_source":"rule","asset_group_name":"~~Business Owner"}]}