{"page":1,"pageTotal":16,"assets":[{"asset_id":"2998069","asset_name":"zcmpptspp01","asset_name_secondary":["PHXW-SP2","phxw-sp2","ZCMPPTSPP01.PHX.LOCAL","zcmpptspp01.phx.local"],"ip_address":"10.201.4.9","ip_address_secondary":["fe80::88cf:177c:267c:c44d"],"asset_groups":["\/Business Owner","\/Source","\/Metadata\/Axonius","\/Metadata\/Axonius\/Business-services-Support-Information\/Infrastructure - Azure (Zedi)","\/Business Owner\/Price","\/Metadata\/Axonius\/Business-services-Support-Information","\/Metadata\/Axonius\/Business-Unit\/Price Optimization","\/Source\/Tenable","\/Metadata","\/Metadata\/Axonius\/Software-Services-Support-Information\/ProPoint","\/Metadata\/Axonius\/Active","\/Metadata\/Axonius\/Software-Services-Support-Information","\/Metadata\/Axonius\/Business-Unit"],"asset_type":"Host","scan_date":"2026-01-15 07:05:44","asset_info":{"axonius.adapters":["Azure","Desktop.central","Jira.service.desk","Logicmonitor","Sentinelone","Tenable.io"],"axonius.asset-name":["PHXW-SP2","US-E2:vm:ZCMPPTSPP01","ZCMPPTSPP01"],"axonius.cloud-provider":["Azure"],"axonius.hostname":["PHXW-SP2","ZCMPPTSPP01.PHX.LOCAL"],"axonius.id":"736583540ec606ba616ec7155f1d71ba","axonius.ids":["736583540ec606ba616ec7155f1d71ba"],"axonius.labels":["Certified Q4-25","ProPoint"],"axonius.network-interfaces-ips":["10.201.4.9","fe80::88cf:177c:267c:c44d"],"axonius.open_ports":["445\/TCP"],"axonius.specific-data.connection-label":["Enterprise MEEC","Jira Production"],"axonius.tags.Business Unit":"Price Optimization","axonius.tags.BusinessApp":"Payspan","axonius.tags.Environment":"production","axonius.tags.Function":"None","axonius.tags.Insight Active":"true","axonius.tags.Insight Business Unit":"Price Optimization","axonius.tags.Insight DMZ":"true","axonius.tags.Insight Domain":"PHX","axonius.tags.Insight Environment":"Production","axonius.tags.Insight FQDN":"ZCMPPTSPP01.PHX.LOCAL","axonius.tags.Insight IP Address":"10.201.4.9","axonius.tags.Insight Key":"ZC-63997","axonius.tags.Insight Latest OS Version":"10.0.26100","axonius.tags.Insight Location":"Azure-CCS","axonius.tags.Insight MAC Address":"00:0D:3A:7B:71:8F","axonius.tags.Insight Name":"zcmpptspp01","axonius.tags.Insight OS version":"6.1.7601","axonius.tags.Insight Operating System":"Windows Server 2008 R2","axonius.tags.Insight Regions":"eastus2","axonius.tags.Insight Resource ID":"\/subscriptions\/5129001f-5fc6-4a22-9e42-70ef99374bd4\/resourcegroups\/zh-rsv-rg01\/providers\/microsoft.compute\/virtualmachines\/phxw-sp2","axonius.tags.Insight Runs":"ProPoint","axonius.tags.Insight Serial Number":"0000-0012-6266-2645-2210-1429-98","axonius.tags.Insight Subscription ID":"5129001f-5fc6-4a22-9e42-70ef99374bd4","axonius.tags.Insight Subscription Name":"Zelis-Price-Infrastructure","axonius.tags.Insight Virtual":"true","axonius.tags.Location":"Azure-CCS","axonius.tags.NetworkScanLocation":"Azure Network","axonius.tags.NetworkTier":"DMZ","axonius.tags.OS":"Windows Server 2008 R2","axonius.tags.Product":"COMPASS","axonius.tags.Scan Group":"Azure","axonius.tags.SystemType":"EOL - Do Not Update","axonius.tags.app-name":"PROPNT","axonius.tags.application-owner":"CCS-DevOps@zelis.com","axonius.tags.business-unit":"PRICEOPTIMIZATION","axonius.tags.compliance-framework":"HIPAA","axonius.tags.engineering-owner":"dl-azure_support@zelis.com","axonius.tags.environment-stage":"production","axonius.tags.product":"Prizem","axonius.tags.resource-function":"AppServer","azure.resource-group":"zh-rsv-rg01","azure.resource-id":"\/subscriptions\/5129001f-5fc6-4a22-9e42-70ef99374bd4\/resourcegroups\/zh-rsv-rg01\/providers\/microsoft.compute\/virtualmachines\/phxw-sp2","azure.resource-name":"phxw-sp2","azure.resource-provider":"microsoft.compute","azure.resource-type":"microsoft.compute\/virtualmachines","azure.subscription":"5129001f-5fc6-4a22-9e42-70ef99374bd4","azure.virtual-machine.vm-id":"af3ac9dc-0b89-4f16-bc5c-d2c89b71a1f5","jira-service-desk.jira-service-desk-Active":"true","jira-service-desk.jira-service-desk-Business-Unit":"Price Optimization","jira-service-desk.jira-service-desk-Business-services-Support-Information":["Infrastructure - Azure (Zedi)"],"jira-service-desk.jira-service-desk-Created":"Fri, 01 Nov 2024 17:36:00 GMT","jira-service-desk.jira-service-desk-DMZ":"true","jira-service-desk.jira-service-desk-Domain":"PHX","jira-service-desk.jira-service-desk-Environment":"Production","jira-service-desk.jira-service-desk-FQDN":"ZCMPPTSPP01.PHX.LOCAL","jira-service-desk.jira-service-desk-IP-Address":"10.201.4.9","jira-service-desk.jira-service-desk-Key":"ZC-63997","jira-service-desk.jira-service-desk-Last-Seen":"Sat, 10 Jan 2026 00:00:00 GMT","jira-service-desk.jira-service-desk-Latest-OS-Version":"10.0.26100","jira-service-desk.jira-service-desk-Location":"Azure-CCS","jira-service-desk.jira-service-desk-MAC-Address":"00:0D:3A:7B:71:8F","jira-service-desk.jira-service-desk-Name":"zcmpptspp01","jira-service-desk.jira-service-desk-OS-version":"6.1","jira-service-desk.jira-service-desk-Operating-System":"Windows Server 2008 R2","jira-service-desk.jira-service-desk-Regions":"eastus2","jira-service-desk.jira-service-desk-Resource-ID":"\/subscriptions\/5129001f-5fc6-4a22-9e42-70ef99374bd4\/resourcegroups\/zh-rsv-rg01\/providers\/microsoft.compute\/virtualmachines\/phxw-sp2","jira-service-desk.jira-service-desk-Runs":"ProPoint","jira-service-desk.jira-service-desk-Serial-Number":"0000-0012-6266-2645-2210-1429-98","jira-service-desk.jira-service-desk-Software-Services-Support-Information":["ProPoint"],"jira-service-desk.jira-service-desk-Subscription-ID":"5129001f-5fc6-4a22-9e42-70ef99374bd4","jira-service-desk.jira-service-desk-Subscription-Name":"Zelis-Price-Infrastructure","jira-service-desk.jira-service-desk-Updated":"Sun, 11 Jan 2026 08:50:00 GMT","jira-service-desk.jira-service-desk-Virtual":"true","nucleus.match-key.tenableio":"azureResourceIdMap","tenable.uuid":"58069805-9354-40c8-a0f6-8011e171c835","tenableio.fqdns":["zcmpptspp01.phx.local"],"tenableio.hostnames":["zcmpptspp01"],"tenableio.ipv4s":["10.201.4.9"],"tenableio.last-authenticated-results":"2026-01-15T03:45:29.950Z","tenableio.last-unauthenticated-results":"2026-01-15T07:05:44.158Z","tenableio.mac-addresses":["00:0d:3a:7b:71:8f"],"tenableio.network_id":"00000000-0000-0000-0000-000000000000","tenableio.network_name":"Default","tenableio.operating-systems":["Microsoft Windows Server 2008 R2 Standard Service Pack 1"],"tenableio.tag.Business Unit":["Price Optimization"],"tenableio.tag.Environment":["production"],"tenableio.tag.Function":["None"],"tenableio.tag.Location":["Azure-CCS"],"tenableio.tag.OS":["Windows Server 2008 R2"],"tenableio.tag.Product":["COMPASS"],"tenableio.tags":["Azure-CCS","COMPASS","None","Price Optimization","Windows Server 2008 R2","production"],"tenableio.types":["azure-instance"],"tenableio.uuid":"58069805-9354-40c8-a0f6-8011e171c835","tenableio.uuids":["58069805-9354-40c8-a0f6-8011e171c835"]},"scan_date_timestamp":1768460744,"operating_system_name":"Microsoft Windows Server 2008 R2 Standard Service Pack 1","mac_address":"00:0d:3a:7b:71:8f","finding_count_critical":"31","finding_count_high":"0","finding_count_medium":"0","finding_count_low":"0","finding_count_informational":"0","finding_count_pass":"0","finding_count_fail":"0","finding_vulnerability_score":"1000","asset_base_risk_score":"10","asset_public":"1","asset_criticality":"Critical","asset_data_sensitivity_score":"10","asset_complianced_score":"10","asset_criticality_score":"10","asset_inactive_date":"","image_config":"","image_config_digest":"","image_manifest":"","image_manifest_digest":"","image_secondary_registries":[],"image_tags":[],"image_registry":"","image_repo":"","image_distro":"","operating_system_features":"","operating_system_version":"","image_platform_os":"","image_platform_os_features":[],"image_platform_os_version":"","image_platform_arch":"","image_platform_arch_features":[],"image_platform_arch_variant":"","active":true,"business_owners":["Price Optimization"],"owner_team":{"team_id":"1000014","team_name":{"team_id":"1000014","team_name":"Price"}},"support_team":{"team_id":"1000009","team_name":{"team_id":"1000009","team_name":"Windows Desktop Support"}},"branch":"","repo_url":""},{"asset_id":"2993744","asset_name":"zcmpptftpp01","asset_name_secondary":["phxw-ftp1","ZCMPPTFTPP01","zcmpptftpp01.prod.zelis.com"],"ip_address":"10.201.4.5","ip_address_secondary":["127.0.0.1","::1","fe80::69b9:2b4b:974a:7bc9"],"asset_groups":["\/Source\/Tenable","\/Source","\/Metadata\/Axonius\/Business-services-Support-Information","\/Metadata\/Axonius\/Active","\/Business Owner\/Price","\/Business Owner","\/Metadata\/Axonius\/Business-services-Support-Information\/Infrastructure - Azure (Zedi)","\/Metadata\/Axonius\/Business-Unit","\/Metadata\/Axonius","\/Metadata\/Axonius\/Software-Services-Support-Information","\/Metadata","\/Metadata\/Axonius\/Software-Services-Support-Information\/ProPoint","\/Metadata\/Axonius\/Business-Unit\/Price Optimization"],"asset_type":"Host","scan_date":"2026-01-15 06:33:25","asset_info":{"axonius.adapters":["Azure","Desktop.central","Jira.service.desk","Logicmonitor","Sentinelone","Tenable.io"],"axonius.asset-name":["PHXW-FTP1","US-E2:vm:PHXW-FTP1","ZCMPPTFTPP01"],"axonius.cloud-provider":["Azure"],"axonius.hostname":["PHXW-FTP1","ZCMPPTFTPP01"],"axonius.id":"5d9c08b18a471b80d873cf30e7bf5239","axonius.ids":["5d9c08b18a471b80d873cf30e7bf5239"],"axonius.labels":["Certified Q4-25","DMZ","ProPoint"],"axonius.network-interfaces-ips":["10.201.4.5","fe80::69b9:2b4b:974a:7bc9"],"axonius.open_ports":["3389\/TCP","443\/TCP","445\/TCP","5432\/TCP"],"axonius.specific-data.connection-label":["Enterprise MEEC","Jira Production"],"axonius.tags.Business Unit":"Price Optimization","axonius.tags.Environment":"production","axonius.tags.Function":"DMZ","axonius.tags.Insight Active":"true","axonius.tags.Insight Business Unit":"Price Optimization","axonius.tags.Insight DMZ":"true","axonius.tags.Insight Domain":"PROD","axonius.tags.Insight Environment":"Production","axonius.tags.Insight FQDN":"zcmpptftpp01.prod.zelis.com","axonius.tags.Insight IP Address":"10.201.4.5","axonius.tags.Insight Key":"ZC-64002","axonius.tags.Insight Latest OS Version":"10.0.26100","axonius.tags.Insight Location":"Azure-CCS","axonius.tags.Insight MAC Address":"00:0D:3A:00:B6:44","axonius.tags.Insight Name":"zcmpptftpp01","axonius.tags.Insight OS version":"6.1","axonius.tags.Insight Operating System":"Windows Server 2008 R2","axonius.tags.Insight Regions":"eastus2","axonius.tags.Insight Resource ID":"\/subscriptions\/5129001f-5fc6-4a22-9e42-70ef99374bd4\/resourcegroups\/zh-rsv-rg01\/providers\/microsoft.compute\/virtualmachines\/phxw-ftp1","axonius.tags.Insight Runs":"ProPoint","axonius.tags.Insight Serial Number":"0000-0003-5564-1349-2985-8078-11","axonius.tags.Insight Subscription ID":"5129001f-5fc6-4a22-9e42-70ef99374bd4","axonius.tags.Insight Subscription Name":"Zelis-Price-Infrastructure","axonius.tags.Insight Virtual":"true","axonius.tags.Location":"Azure-CCS","axonius.tags.NetworkScanLocation":"Azure","axonius.tags.NetworkTier":"DMZ","axonius.tags.OS":"Windows Server 2008 R2","axonius.tags.Operating System":"Windows Server 2008","axonius.tags.Product":"ProPoint","axonius.tags.Scan Group":"Azure","axonius.tags.Support By":"Cloud Team","axonius.tags.SystemType":"EOL - Do Not Update","axonius.tags.app-name":"PROPNT","axonius.tags.application-owner":"CCS-DevOps@zelis.com","axonius.tags.business-unit":"PRICEOPTIMIZATION","axonius.tags.compliance-framework":"HIPAA","axonius.tags.engineering-owner":"dl-azure_support@zelis.com","axonius.tags.environment-stage":"production","axonius.tags.product":"Prizem","axonius.tags.resource-function":"FTP","azure.resource-group":"zh-rsv-rg01","azure.resource-id":"\/subscriptions\/5129001f-5fc6-4a22-9e42-70ef99374bd4\/resourcegroups\/zh-rsv-rg01\/providers\/microsoft.compute\/virtualmachines\/phxw-ftp1","azure.resource-name":"phxw-ftp1","azure.resource-provider":"microsoft.compute","azure.resource-type":"microsoft.compute\/virtualmachines","azure.subscription":"5129001f-5fc6-4a22-9e42-70ef99374bd4","azure.virtual-machine.vm-id":"315aeb3a-abd3-43c3-9c73-dd93be56c0e0","jira-service-desk.jira-service-desk-Active":"true","jira-service-desk.jira-service-desk-Business-Unit":"Price Optimization","jira-service-desk.jira-service-desk-Business-services-Support-Information":["Infrastructure - Azure (Zedi)"],"jira-service-desk.jira-service-desk-Created":"Fri, 01 Nov 2024 17:36:00 GMT","jira-service-desk.jira-service-desk-DMZ":"true","jira-service-desk.jira-service-desk-Domain":"PROD","jira-service-desk.jira-service-desk-Environment":"Production","jira-service-desk.jira-service-desk-FQDN":"zcmpptftpp01.Prod.zelis.com","jira-service-desk.jira-service-desk-IP-Address":"10.201.4.5","jira-service-desk.jira-service-desk-Key":"ZC-64002","jira-service-desk.jira-service-desk-Last-Seen":"Sun, 11 Jan 2026 00:00:00 GMT","jira-service-desk.jira-service-desk-Latest-OS-Version":"10.0.26100","jira-service-desk.jira-service-desk-Location":"Azure-CCS","jira-service-desk.jira-service-desk-MAC-Address":"00:0D:3A:00:B6:44","jira-service-desk.jira-service-desk-Name":"zcmpptftpp01","jira-service-desk.jira-service-desk-OS-version":"6.1.7601","jira-service-desk.jira-service-desk-Operating-System":"Windows Server 2008 R2","jira-service-desk.jira-service-desk-Regions":"eastus2","jira-service-desk.jira-service-desk-Resource-ID":"\/subscriptions\/5129001f-5fc6-4a22-9e42-70ef99374bd4\/resourcegroups\/zh-rsv-rg01\/providers\/microsoft.compute\/virtualmachines\/phxw-ftp1","jira-service-desk.jira-service-desk-Runs":"ProPoint","jira-service-desk.jira-service-desk-Serial-Number":"0000-0003-5564-1349-2985-8078-11","jira-service-desk.jira-service-desk-Software-Services-Support-Information":["ProPoint"],"jira-service-desk.jira-service-desk-Subscription-ID":"5129001f-5fc6-4a22-9e42-70ef99374bd4","jira-service-desk.jira-service-desk-Subscription-Name":"Zelis-Price-Infrastructure","jira-service-desk.jira-service-desk-Updated":"Sun, 11 Jan 2026 08:49:00 GMT","jira-service-desk.jira-service-desk-Virtual":"true","nucleus.match-key.tenableio":"azureResourceIdMap","tenable.uuid":"2bff7611-ecbf-4edd-afc5-8724065af626","tenableio.fqdns":["zcmpptftpp01.prod.zelis.com"],"tenableio.hostnames":["zcmpptftpp01"],"tenableio.ipv4s":["10.201.4.5"],"tenableio.last-authenticated-results":"2026-01-15T06:33:25.675Z","tenableio.last-unauthenticated-results":"2026-01-06T07:56:38.000Z","tenableio.mac-addresses":["00:0d:3a:00:b6:44"],"tenableio.network_id":"a158bcdc-8f78-4262-8b13-bb4371953b55","tenableio.network_name":"Azure","tenableio.operating-systems":["Microsoft Windows Server 2008 R2 Standard Service Pack 1"],"tenableio.tag.Business Unit":["Price Optimization"],"tenableio.tag.Environment":["production"],"tenableio.tag.Function":["DMZ","Server"],"tenableio.tag.Location":["Azure-CCS"],"tenableio.tag.NetworkScanLocation":["Azure","Azure Network"],"tenableio.tag.OS":["Windows Server 2008 R2"],"tenableio.tag.Product":["ProPoint"],"tenableio.tag.Scan Group":["Azure"],"tenableio.tags":["Azure","Azure","Azure Network","Azure-CCS","DMZ","Price Optimization","ProPoint","Server","Windows Server 2008 R2","production"],"tenableio.types":["general-purpose"],"tenableio.uuid":"2bff7611-ecbf-4edd-afc5-8724065af626","tenableio.uuids":["2bff7611-ecbf-4edd-afc5-8724065af626"]},"scan_date_timestamp":1768458805,"operating_system_name":"Microsoft Windows Server 2008 R2 Standard Service Pack 1","mac_address":"00:0D:3A:00:B6:44","finding_count_critical":"30","finding_count_high":"0","finding_count_medium":"1","finding_count_low":"0","finding_count_informational":"0","finding_count_pass":"0","finding_count_fail":"0","finding_vulnerability_score":"1000","asset_base_risk_score":"10","asset_public":"1","asset_criticality":"Critical","asset_data_sensitivity_score":"10","asset_complianced_score":"10","asset_criticality_score":"10","asset_inactive_date":"","image_config":"","image_config_digest":"","image_manifest":"","image_manifest_digest":"","image_secondary_registries":[],"image_tags":[],"image_registry":"","image_repo":"","image_distro":"","operating_system_features":"","operating_system_version":"","image_platform_os":"","image_platform_os_features":[],"image_platform_os_version":"","image_platform_arch":"","image_platform_arch_features":[],"image_platform_arch_variant":"","active":true,"business_owners":["Price Optimization"],"owner_team":{"team_id":"1000014","team_name":{"team_id":"1000014","team_name":"Price"}},"support_team":{"team_id":"1000009","team_name":{"team_id":"1000009","team_name":"Windows Desktop Support"}},"branch":"","repo_url":""},{"asset_id":"2995635","asset_name":"arsptfsp001","asset_name_secondary":["ARSPTFSP001.CCP.LOCAL","arsptfsp001.ccp.local"],"ip_address":"192.168.130.48","ip_address_secondary":["192.168.130.119"],"asset_groups":["\/Metadata\/Axonius","\/Source","\/Metadata","\/Metadata\/Axonius\/Software-Services-Support-Information\/DOCS","\/Source\/Tenable","\/Business Owner","\/Metadata\/Axonius\/Business-Unit","\/Metadata\/Axonius\/Software-Services-Support-Information","\/Metadata\/Axonius\/Business-services-Support-Information\/Infrastructure - ESX\/On Premise (EDM)","\/Business Owner\/Payments","\/Metadata\/Axonius\/Business-services-Support-Information","\/Metadata\/Axonius\/Business-Unit\/Payments Optimization","\/Metadata\/Axonius\/Active"],"asset_type":"Host","scan_date":"2026-01-15 05:31:56","asset_info":{"axonius.adapters":["Desktop.central","Halcyon","Jira.service.desk","Logicmonitor","Paloalto.panorama","Sentinelone","Tenable.io"],"axonius.asset-name":["ARSPTFSP001","arsptfsp001.ccp.local"],"axonius.hostname":["ARSPTFSP001.CCP.LOCAL"],"axonius.id":"781c6de597f6d2fe4168d43faca4e21c","axonius.ids":["781c6de597f6d2fe4168d43faca4e21c"],"axonius.network-interfaces-ips":["192.168.130.119","192.168.130.48"],"axonius.open_ports":["1433\/TCP","445\/TCP","445\/TCP"],"axonius.tags.Business Unit":"Payments Optimization","axonius.tags.BusinessApp":"Docs","axonius.tags.Environment":"None","axonius.tags.Function":"Server","axonius.tags.Insight Active":"true","axonius.tags.Insight Business Unit":"Payments Optimization","axonius.tags.Insight DMZ":"true","axonius.tags.Insight Domain":"CCP","axonius.tags.Insight Environment":"non-production","axonius.tags.Insight FQDN":"ARSPTFSP001.CCP.LOCAL","axonius.tags.Insight Key":"ZC-74176","axonius.tags.Insight Latest OS Version":"10.0.26100","axonius.tags.Insight Location":"Databank - ARS","axonius.tags.Insight Name":"arsptfsp001","axonius.tags.Insight OS version":"6.3.9600","axonius.tags.Insight Operating System":"Windows Server 2012 R2","axonius.tags.Insight Runs":"DOCS","axonius.tags.Insight Serial Number":"DBHHQD2","axonius.tags.Location":"Databank - ARS","axonius.tags.NetworkScanLocation":"DOCS-STL","axonius.tags.OS":"Windows Server 2012 R2","axonius.tags.Operating System":"Windows Server 2012","axonius.tags.Product":"DOCS","jira-service-desk.jira-service-desk-Active":"true","jira-service-desk.jira-service-desk-Business-Unit":"Payments Optimization","jira-service-desk.jira-service-desk-Business-services-Support-Information":["Infrastructure - ESX\/On Premise (EDM)"],"jira-service-desk.jira-service-desk-Created":"Fri, 27 Dec 2024 17:36:00 GMT","jira-service-desk.jira-service-desk-DMZ":"true","jira-service-desk.jira-service-desk-Domain":"CCP","jira-service-desk.jira-service-desk-Environment":"Non-Production","jira-service-desk.jira-service-desk-FQDN":"ARSPTFSP001.CCP.LOCAL","jira-service-desk.jira-service-desk-IP-Address":"192.168.130.119, 192.168.130.48","jira-service-desk.jira-service-desk-Key":"ZC-74176","jira-service-desk.jira-service-desk-Last-Seen":"Mon, 15 Dec 2025 00:00:00 GMT","jira-service-desk.jira-service-desk-Latest-OS-Version":"10.0.26100","jira-service-desk.jira-service-desk-Location":"Databank - ARS","jira-service-desk.jira-service-desk-MAC-Address":"24:6E:96:23:FC:44, 24:6E:96:23:FC:45, 24:6E:96:23:FC:47","jira-service-desk.jira-service-desk-Name":"arsptfsp001","jira-service-desk.jira-service-desk-OS-version":"6.3.9600","jira-service-desk.jira-service-desk-Operating-System":"Windows Server 2012 R2","jira-service-desk.jira-service-desk-Runs":"DOCS","jira-service-desk.jira-service-desk-Serial-Number":"DBHHQD2","jira-service-desk.jira-service-desk-Software-Services-Support-Information":["DOCS"],"jira-service-desk.jira-service-desk-Updated":"Wed, 17 Dec 2025 03:01:00 GMT","nucleus.match-key.tenableio":"tenableUuidMap","tenable.uuid":"98dcadf7-a888-4f51-b0ee-09ca93d74df0","tenableio.fqdns":["arsptfsp001.ccp.local"],"tenableio.hostnames":["arsptfsp001"],"tenableio.ipv4s":["192.168.130.119","192.168.130.48"],"tenableio.last-authenticated-results":"2026-01-15T05:31:56.074Z","tenableio.last-unauthenticated-results":"2026-01-10T10:10:30.263Z","tenableio.mac-addresses":["24:6e:96:23:fc:44"],"tenableio.network_id":"00000000-0000-0000-0000-000000000000","tenableio.network_name":"Default","tenableio.operating-systems":["Microsoft Windows Server 2012 R2 Standard Build 9600"],"tenableio.tag.Business Unit":["Payments Optimization"],"tenableio.tag.Environment":["None"],"tenableio.tag.Function":["Server"],"tenableio.tag.Location":["Databank - ARS"],"tenableio.tag.NetworkScanLocation":["DOCS-STL"],"tenableio.tag.OS":["Windows Server 2012 R2"],"tenableio.tag.Product":["DOCS"],"tenableio.tags":["DOCS","DOCS-STL","Databank - ARS","None","Payments Optimization","Server","Windows Server 2012 R2"],"tenableio.types":["general-purpose"],"tenableio.uuid":"98dcadf7-a888-4f51-b0ee-09ca93d74df0","tenableio.uuids":["98dcadf7-a888-4f51-b0ee-09ca93d74df0"]},"scan_date_timestamp":1768455116,"operating_system_name":"Microsoft Windows Server 2012 R2 Standard Build 9600","mac_address":"24:6e:96:23:fc:44","finding_count_critical":"23","finding_count_high":"2","finding_count_medium":"0","finding_count_low":"20","finding_count_informational":"228","finding_count_pass":"0","finding_count_fail":"0","finding_vulnerability_score":"1000","asset_base_risk_score":"10","asset_public":"1","asset_criticality":"Critical","asset_data_sensitivity_score":"10","asset_complianced_score":"10","asset_criticality_score":"10","asset_inactive_date":"","image_config":"","image_config_digest":"","image_manifest":"","image_manifest_digest":"","image_secondary_registries":[],"image_tags":[],"image_registry":"","image_repo":"","image_distro":"","operating_system_features":"","operating_system_version":"","image_platform_os":"","image_platform_os_features":[],"image_platform_os_version":"","image_platform_arch":"","image_platform_arch_features":[],"image_platform_arch_variant":"","active":true,"business_owners":["Payments Optimization"],"owner_team":{"team_id":"1000015","team_name":{"team_id":"1000015","team_name":"Payments"}},"support_team":{"team_id":"1000009","team_name":{"team_id":"1000009","team_name":"Windows Desktop Support"}},"branch":"","repo_url":""}]}