{"page":1,"pageTotal":13,"justifications":[{"justification_text":"[{\"comment\":\"<b>Severity adjusted to:<\/b> High<br><b>Reasoning:<\/b> P4 -> HIGH\",\"date\":1762208446,\"user\":\"Workflow\"},{\"comment\":\"<b>Severity adjusted to:<\/b> High<br><b>Reasoning:<\/b> P4\",\"date\":1763639269,\"user\":\"Workflow\"}]","host_id":"2993692","finding_number":"135718-7dc18209a894714d3490e6ef63cde57a","scan_type":"NESSUS","finding_justification_key":"135718-7dc18209a894714d3490e6ef63cde57a-997c7429500c23e3707ba4888e45fdc7","justification_assignee":[],"justification_status_id":"7","justification_verification_date":"0000-00-00","has_file":"0","security_comment_text":"Not yet provided.","justification_datetime":"2025-10-29 10:49:19","due_date":"2026-04-15","justification_status_name":"In Progress","justification_status_mitigating":"0","instance_key":"NESSUS-135718-7dc18209a894714d3490e6ef63cde57a-2993692-135718-7dc18209a894714d3490e6ef63cde57a-997c7429500c23e3707ba4888e45fdc7"},{"justification_text":null,"host_id":"2993680","finding_number":"57582-eb618ba03e6fc9c5df76d16a51ef8153","scan_type":"NESSUS","finding_justification_key":"57582-eb618ba03e6fc9c5df76d16a51ef8153-6996f2fdf7e1d66ac5b30cbd2ddfe5f9","justification_assignee":[],"justification_status_id":"1","justification_verification_date":null,"has_file":"0","security_comment_text":"Not yet provided.","justification_datetime":"2025-10-29 10:49:20","due_date":null,"justification_status_name":"Active","justification_status_mitigating":"0","instance_key":"NESSUS-57582-eb618ba03e6fc9c5df76d16a51ef8153-2993680-57582-eb618ba03e6fc9c5df76d16a51ef8153-6996f2fdf7e1d66ac5b30cbd2ddfe5f9"},{"justification_text":null,"host_id":"2993692","finding_number":"51192-c24284c1e92a51b276a1880e311ac47b","scan_type":"NESSUS","finding_justification_key":"51192-c24284c1e92a51b276a1880e311ac47b-915c63236cf2a2d0336bac74c3e9a25f","justification_assignee":[],"justification_status_id":"1","justification_verification_date":null,"has_file":"0","security_comment_text":"Not yet provided.","justification_datetime":"2025-10-29 10:49:20","due_date":null,"justification_status_name":"Active","justification_status_mitigating":"0","instance_key":"NESSUS-51192-c24284c1e92a51b276a1880e311ac47b-2993692-51192-c24284c1e92a51b276a1880e311ac47b-915c63236cf2a2d0336bac74c3e9a25f"},{"justification_text":null,"host_id":"2993644","finding_number":"51192-c24284c1e92a51b276a1880e311ac47b","scan_type":"NESSUS","finding_justification_key":"51192-c24284c1e92a51b276a1880e311ac47b-6e12c563aa353f6d9cc32e0d8bb6d3f4","justification_assignee":[],"justification_status_id":"1","justification_verification_date":null,"has_file":"0","security_comment_text":"Not yet provided.","justification_datetime":"2025-10-29 10:49:20","due_date":null,"justification_status_name":"Active","justification_status_mitigating":"0","instance_key":"NESSUS-51192-c24284c1e92a51b276a1880e311ac47b-2993644-51192-c24284c1e92a51b276a1880e311ac47b-6e12c563aa353f6d9cc32e0d8bb6d3f4"},{"justification_text":null,"host_id":"2993735","finding_number":"51192-c24284c1e92a51b276a1880e311ac47b","scan_type":"NESSUS","finding_justification_key":"51192-c24284c1e92a51b276a1880e311ac47b-ea339918d056f00138f1765f8dc804ec","justification_assignee":[],"justification_status_id":"1","justification_verification_date":null,"has_file":"0","security_comment_text":"Not yet provided.","justification_datetime":"2025-10-29 10:49:20","due_date":null,"justification_status_name":"Active","justification_status_mitigating":"0","instance_key":"NESSUS-51192-c24284c1e92a51b276a1880e311ac47b-2993735-51192-c24284c1e92a51b276a1880e311ac47b-ea339918d056f00138f1765f8dc804ec"},{"justification_text":null,"host_id":"2993706","finding_number":"51192-c24284c1e92a51b276a1880e311ac47b","scan_type":"NESSUS","finding_justification_key":"51192-c24284c1e92a51b276a1880e311ac47b-b1df38d3f6b9e3cc78c69b406210d4ce","justification_assignee":[],"justification_status_id":"1","justification_verification_date":null,"has_file":"0","security_comment_text":"Not yet provided.","justification_datetime":"2025-10-29 10:49:20","due_date":null,"justification_status_name":"Active","justification_status_mitigating":"0","instance_key":"NESSUS-51192-c24284c1e92a51b276a1880e311ac47b-2993706-51192-c24284c1e92a51b276a1880e311ac47b-b1df38d3f6b9e3cc78c69b406210d4ce"},{"justification_text":null,"host_id":"2993650","finding_number":"57582-eb618ba03e6fc9c5df76d16a51ef8153","scan_type":"NESSUS","finding_justification_key":"57582-eb618ba03e6fc9c5df76d16a51ef8153-6996f2fdf7e1d66ac5b30cbd2ddfe5f9","justification_assignee":[],"justification_status_id":"1","justification_verification_date":null,"has_file":"0","security_comment_text":"Not yet provided.","justification_datetime":"2025-10-29 10:49:20","due_date":null,"justification_status_name":"Active","justification_status_mitigating":"0","instance_key":"NESSUS-57582-eb618ba03e6fc9c5df76d16a51ef8153-2993650-57582-eb618ba03e6fc9c5df76d16a51ef8153-6996f2fdf7e1d66ac5b30cbd2ddfe5f9"},{"justification_text":null,"host_id":"2993692","finding_number":"57582-eb618ba03e6fc9c5df76d16a51ef8153","scan_type":"NESSUS","finding_justification_key":"57582-eb618ba03e6fc9c5df76d16a51ef8153-6996f2fdf7e1d66ac5b30cbd2ddfe5f9","justification_assignee":[],"justification_status_id":"1","justification_verification_date":null,"has_file":"0","security_comment_text":"Not yet provided.","justification_datetime":"2025-10-29 10:49:20","due_date":null,"justification_status_name":"Active","justification_status_mitigating":"0","instance_key":"NESSUS-57582-eb618ba03e6fc9c5df76d16a51ef8153-2993692-57582-eb618ba03e6fc9c5df76d16a51ef8153-6996f2fdf7e1d66ac5b30cbd2ddfe5f9"},{"justification_text":null,"host_id":"2993742","finding_number":"57582-eb618ba03e6fc9c5df76d16a51ef8153","scan_type":"NESSUS","finding_justification_key":"57582-eb618ba03e6fc9c5df76d16a51ef8153-6996f2fdf7e1d66ac5b30cbd2ddfe5f9","justification_assignee":[],"justification_status_id":"1","justification_verification_date":null,"has_file":"0","security_comment_text":"Not yet provided.","justification_datetime":"2025-10-29 10:49:20","due_date":null,"justification_status_name":"Active","justification_status_mitigating":"0","instance_key":"NESSUS-57582-eb618ba03e6fc9c5df76d16a51ef8153-2993742-57582-eb618ba03e6fc9c5df76d16a51ef8153-6996f2fdf7e1d66ac5b30cbd2ddfe5f9"},{"justification_text":"[{\"comment\":\"<b>Severity adjusted to:<\/b> High<br><b>Reasoning:<\/b> P4 -> HIGH\",\"date\":1762208446,\"user\":\"Workflow\"},{\"comment\":\"<b>Severity adjusted to:<\/b> High<br><b>Reasoning:<\/b> P4\",\"date\":1763636848,\"user\":\"Workflow\"}]","host_id":"2993735","finding_number":"135718-7dc18209a894714d3490e6ef63cde57a","scan_type":"NESSUS","finding_justification_key":"135718-7dc18209a894714d3490e6ef63cde57a-997c7429500c23e3707ba4888e45fdc7","justification_assignee":[],"justification_status_id":"7","justification_verification_date":"0000-00-00","has_file":"0","security_comment_text":"Not yet provided.","justification_datetime":"2025-10-29 10:49:20","due_date":"2026-04-15","justification_status_name":"In Progress","justification_status_mitigating":"0","instance_key":"NESSUS-135718-7dc18209a894714d3490e6ef63cde57a-2993735-135718-7dc18209a894714d3490e6ef63cde57a-997c7429500c23e3707ba4888e45fdc7"},{"justification_text":"[{\"comment\":\"<b>Severity adjusted to:<\/b> High<br><b>Reasoning:<\/b> P4 -> HIGH\",\"date\":1762208446,\"user\":\"Workflow\"},{\"comment\":\"<b>Severity adjusted to:<\/b> High<br><b>Reasoning:<\/b> P4\",\"date\":1763636848,\"user\":\"Workflow\"}]","host_id":"2993743","finding_number":"135718-7dc18209a894714d3490e6ef63cde57a","scan_type":"NESSUS","finding_justification_key":"135718-7dc18209a894714d3490e6ef63cde57a-997c7429500c23e3707ba4888e45fdc7","justification_assignee":[],"justification_status_id":"7","justification_verification_date":"0000-00-00","has_file":"0","security_comment_text":"Not yet provided.","justification_datetime":"2025-10-29 10:49:20","due_date":"2026-04-15","justification_status_name":"In Progress","justification_status_mitigating":"0","instance_key":"NESSUS-135718-7dc18209a894714d3490e6ef63cde57a-2993743-135718-7dc18209a894714d3490e6ef63cde57a-997c7429500c23e3707ba4888e45fdc7"},{"justification_text":null,"host_id":"2993667","finding_number":"57582-eb618ba03e6fc9c5df76d16a51ef8153","scan_type":"NESSUS","finding_justification_key":"57582-eb618ba03e6fc9c5df76d16a51ef8153-6996f2fdf7e1d66ac5b30cbd2ddfe5f9","justification_assignee":[],"justification_status_id":"1","justification_verification_date":null,"has_file":"0","security_comment_text":"Not yet provided.","justification_datetime":"2025-10-29 10:49:20","due_date":null,"justification_status_name":"Active","justification_status_mitigating":"0","instance_key":"NESSUS-57582-eb618ba03e6fc9c5df76d16a51ef8153-2993667-57582-eb618ba03e6fc9c5df76d16a51ef8153-6996f2fdf7e1d66ac5b30cbd2ddfe5f9"},{"justification_text":null,"host_id":"2993726","finding_number":"51192-c24284c1e92a51b276a1880e311ac47b","scan_type":"NESSUS","finding_justification_key":"51192-c24284c1e92a51b276a1880e311ac47b-ea339918d056f00138f1765f8dc804ec","justification_assignee":[],"justification_status_id":"1","justification_verification_date":null,"has_file":"0","security_comment_text":"Not yet provided.","justification_datetime":"2025-10-29 10:49:20","due_date":null,"justification_status_name":"Active","justification_status_mitigating":"0","instance_key":"NESSUS-51192-c24284c1e92a51b276a1880e311ac47b-2993726-51192-c24284c1e92a51b276a1880e311ac47b-ea339918d056f00138f1765f8dc804ec"},{"justification_text":null,"host_id":"2993743","finding_number":"51192-c24284c1e92a51b276a1880e311ac47b","scan_type":"NESSUS","finding_justification_key":"51192-c24284c1e92a51b276a1880e311ac47b-3bbeb698d6124ea378a83e069ac2166e","justification_assignee":[],"justification_status_id":"1","justification_verification_date":null,"has_file":"0","security_comment_text":"Not yet provided.","justification_datetime":"2025-10-29 10:49:20","due_date":null,"justification_status_name":"Active","justification_status_mitigating":"0","instance_key":"NESSUS-51192-c24284c1e92a51b276a1880e311ac47b-2993743-51192-c24284c1e92a51b276a1880e311ac47b-3bbeb698d6124ea378a83e069ac2166e"},{"justification_text":null,"host_id":"2993676","finding_number":"57582-eb618ba03e6fc9c5df76d16a51ef8153","scan_type":"NESSUS","finding_justification_key":"57582-eb618ba03e6fc9c5df76d16a51ef8153-6996f2fdf7e1d66ac5b30cbd2ddfe5f9","justification_assignee":[],"justification_status_id":"1","justification_verification_date":null,"has_file":"0","security_comment_text":"Not yet provided.","justification_datetime":"2025-10-29 10:49:20","due_date":null,"justification_status_name":"Active","justification_status_mitigating":"0","instance_key":"NESSUS-57582-eb618ba03e6fc9c5df76d16a51ef8153-2993676-57582-eb618ba03e6fc9c5df76d16a51ef8153-6996f2fdf7e1d66ac5b30cbd2ddfe5f9"},{"justification_text":null,"host_id":"2993724","finding_number":"57582-eb618ba03e6fc9c5df76d16a51ef8153","scan_type":"NESSUS","finding_justification_key":"57582-eb618ba03e6fc9c5df76d16a51ef8153-6996f2fdf7e1d66ac5b30cbd2ddfe5f9","justification_assignee":[],"justification_status_id":"1","justification_verification_date":null,"has_file":"0","security_comment_text":"Not yet provided.","justification_datetime":"2025-10-29 10:49:20","due_date":null,"justification_status_name":"Active","justification_status_mitigating":"0","instance_key":"NESSUS-57582-eb618ba03e6fc9c5df76d16a51ef8153-2993724-57582-eb618ba03e6fc9c5df76d16a51ef8153-6996f2fdf7e1d66ac5b30cbd2ddfe5f9"},{"justification_text":null,"host_id":"2993690","finding_number":"51192-c24284c1e92a51b276a1880e311ac47b","scan_type":"NESSUS","finding_justification_key":"51192-c24284c1e92a51b276a1880e311ac47b-6e12c563aa353f6d9cc32e0d8bb6d3f4","justification_assignee":[],"justification_status_id":"1","justification_verification_date":null,"has_file":"0","security_comment_text":"Not yet provided.","justification_datetime":"2025-10-29 10:49:20","due_date":null,"justification_status_name":"Active","justification_status_mitigating":"0","instance_key":"NESSUS-51192-c24284c1e92a51b276a1880e311ac47b-2993690-51192-c24284c1e92a51b276a1880e311ac47b-6e12c563aa353f6d9cc32e0d8bb6d3f4"},{"justification_text":null,"host_id":"2993690","finding_number":"51192-c24284c1e92a51b276a1880e311ac47b","scan_type":"NESSUS","finding_justification_key":"51192-c24284c1e92a51b276a1880e311ac47b-ea339918d056f00138f1765f8dc804ec","justification_assignee":[],"justification_status_id":"1","justification_verification_date":null,"has_file":"0","security_comment_text":"Not yet provided.","justification_datetime":"2025-10-29 10:49:20","due_date":null,"justification_status_name":"Active","justification_status_mitigating":"0","instance_key":"NESSUS-51192-c24284c1e92a51b276a1880e311ac47b-2993690-51192-c24284c1e92a51b276a1880e311ac47b-ea339918d056f00138f1765f8dc804ec"},{"justification_text":null,"host_id":"2993681","finding_number":"57582-eb618ba03e6fc9c5df76d16a51ef8153","scan_type":"NESSUS","finding_justification_key":"57582-eb618ba03e6fc9c5df76d16a51ef8153-6996f2fdf7e1d66ac5b30cbd2ddfe5f9","justification_assignee":[],"justification_status_id":"1","justification_verification_date":null,"has_file":"0","security_comment_text":"Not yet provided.","justification_datetime":"2025-10-29 10:49:20","due_date":null,"justification_status_name":"Active","justification_status_mitigating":"0","instance_key":"NESSUS-57582-eb618ba03e6fc9c5df76d16a51ef8153-2993681-57582-eb618ba03e6fc9c5df76d16a51ef8153-6996f2fdf7e1d66ac5b30cbd2ddfe5f9"},{"justification_text":null,"host_id":"2993699","finding_number":"57582-eb618ba03e6fc9c5df76d16a51ef8153","scan_type":"NESSUS","finding_justification_key":"57582-eb618ba03e6fc9c5df76d16a51ef8153-6996f2fdf7e1d66ac5b30cbd2ddfe5f9","justification_assignee":[],"justification_status_id":"1","justification_verification_date":null,"has_file":"0","security_comment_text":"Not yet provided.","justification_datetime":"2025-10-29 10:49:20","due_date":null,"justification_status_name":"Active","justification_status_mitigating":"0","instance_key":"NESSUS-57582-eb618ba03e6fc9c5df76d16a51ef8153-2993699-57582-eb618ba03e6fc9c5df76d16a51ef8153-6996f2fdf7e1d66ac5b30cbd2ddfe5f9"},{"justification_text":null,"host_id":"2993711","finding_number":"51192-c24284c1e92a51b276a1880e311ac47b","scan_type":"NESSUS","finding_justification_key":"51192-c24284c1e92a51b276a1880e311ac47b-ea339918d056f00138f1765f8dc804ec","justification_assignee":[],"justification_status_id":"1","justification_verification_date":null,"has_file":"0","security_comment_text":"Not yet provided.","justification_datetime":"2025-10-29 10:49:20","due_date":null,"justification_status_name":"Active","justification_status_mitigating":"0","instance_key":"NESSUS-51192-c24284c1e92a51b276a1880e311ac47b-2993711-51192-c24284c1e92a51b276a1880e311ac47b-ea339918d056f00138f1765f8dc804ec"},{"justification_text":null,"host_id":"2993699","finding_number":"51192-c24284c1e92a51b276a1880e311ac47b","scan_type":"NESSUS","finding_justification_key":"51192-c24284c1e92a51b276a1880e311ac47b-6861dcd30fd0968f4a6744ab73c66d1f","justification_assignee":[],"justification_status_id":"1","justification_verification_date":null,"has_file":"0","security_comment_text":"Not yet provided.","justification_datetime":"2025-10-29 10:49:20","due_date":null,"justification_status_name":"Active","justification_status_mitigating":"0","instance_key":"NESSUS-51192-c24284c1e92a51b276a1880e311ac47b-2993699-51192-c24284c1e92a51b276a1880e311ac47b-6861dcd30fd0968f4a6744ab73c66d1f"},{"justification_text":null,"host_id":"2993720","finding_number":"51192-c24284c1e92a51b276a1880e311ac47b","scan_type":"NESSUS","finding_justification_key":"51192-c24284c1e92a51b276a1880e311ac47b-6e12c563aa353f6d9cc32e0d8bb6d3f4","justification_assignee":[],"justification_status_id":"1","justification_verification_date":null,"has_file":"0","security_comment_text":"Not yet provided.","justification_datetime":"2025-10-29 10:49:20","due_date":null,"justification_status_name":"Active","justification_status_mitigating":"0","instance_key":"NESSUS-51192-c24284c1e92a51b276a1880e311ac47b-2993720-51192-c24284c1e92a51b276a1880e311ac47b-6e12c563aa353f6d9cc32e0d8bb6d3f4"},{"justification_text":null,"host_id":"2993675","finding_number":"57582-eb618ba03e6fc9c5df76d16a51ef8153","scan_type":"NESSUS","finding_justification_key":"57582-eb618ba03e6fc9c5df76d16a51ef8153-6996f2fdf7e1d66ac5b30cbd2ddfe5f9","justification_assignee":[],"justification_status_id":"1","justification_verification_date":null,"has_file":"0","security_comment_text":"Not yet provided.","justification_datetime":"2025-10-29 10:49:20","due_date":null,"justification_status_name":"Active","justification_status_mitigating":"0","instance_key":"NESSUS-57582-eb618ba03e6fc9c5df76d16a51ef8153-2993675-57582-eb618ba03e6fc9c5df76d16a51ef8153-6996f2fdf7e1d66ac5b30cbd2ddfe5f9"},{"justification_text":null,"host_id":"2993670","finding_number":"57582-eb618ba03e6fc9c5df76d16a51ef8153","scan_type":"NESSUS","finding_justification_key":"57582-eb618ba03e6fc9c5df76d16a51ef8153-6996f2fdf7e1d66ac5b30cbd2ddfe5f9","justification_assignee":[],"justification_status_id":"1","justification_verification_date":null,"has_file":"0","security_comment_text":"Not yet provided.","justification_datetime":"2025-10-29 10:49:20","due_date":null,"justification_status_name":"Active","justification_status_mitigating":"0","instance_key":"NESSUS-57582-eb618ba03e6fc9c5df76d16a51ef8153-2993670-57582-eb618ba03e6fc9c5df76d16a51ef8153-6996f2fdf7e1d66ac5b30cbd2ddfe5f9"},{"justification_text":"[{\"comment\":\"<b>Severity adjusted to:<\/b> High<br><b>Reasoning:<\/b> P4 -> HIGH\",\"date\":1762208446,\"user\":\"Workflow\"},{\"comment\":\"<b>Severity adjusted to:<\/b> High<br><b>Reasoning:<\/b> P4\",\"date\":1763636848,\"user\":\"Workflow\"}]","host_id":"2993680","finding_number":"135718-7dc18209a894714d3490e6ef63cde57a","scan_type":"NESSUS","finding_justification_key":"135718-7dc18209a894714d3490e6ef63cde57a-997c7429500c23e3707ba4888e45fdc7","justification_assignee":[],"justification_status_id":"7","justification_verification_date":"0000-00-00","has_file":"0","security_comment_text":"Not yet provided.","justification_datetime":"2025-10-29 10:49:20","due_date":"2026-04-15","justification_status_name":"In Progress","justification_status_mitigating":"0","instance_key":"NESSUS-135718-7dc18209a894714d3490e6ef63cde57a-2993680-135718-7dc18209a894714d3490e6ef63cde57a-997c7429500c23e3707ba4888e45fdc7"},{"justification_text":null,"host_id":"2993703","finding_number":"51192-c24284c1e92a51b276a1880e311ac47b","scan_type":"NESSUS","finding_justification_key":"51192-c24284c1e92a51b276a1880e311ac47b-08e9410174dd40f4800058c5d3aab2f8","justification_assignee":[],"justification_status_id":"1","justification_verification_date":null,"has_file":"0","security_comment_text":"Not yet provided.","justification_datetime":"2025-10-29 10:49:20","due_date":null,"justification_status_name":"Active","justification_status_mitigating":"0","instance_key":"NESSUS-51192-c24284c1e92a51b276a1880e311ac47b-2993703-51192-c24284c1e92a51b276a1880e311ac47b-08e9410174dd40f4800058c5d3aab2f8"},{"justification_text":"[{\"comment\":\"<b>Severity adjusted to:<\/b> High<br><b>Reasoning:<\/b> P4 -> HIGH\",\"date\":1762208446,\"user\":\"Workflow\"},{\"comment\":\"<b>Severity adjusted to:<\/b> High<br><b>Reasoning:<\/b> P4\",\"date\":1763636848,\"user\":\"Workflow\"}]","host_id":"2993674","finding_number":"135718-7dc18209a894714d3490e6ef63cde57a","scan_type":"NESSUS","finding_justification_key":"135718-7dc18209a894714d3490e6ef63cde57a-997c7429500c23e3707ba4888e45fdc7","justification_assignee":[],"justification_status_id":"7","justification_verification_date":"0000-00-00","has_file":"0","security_comment_text":"Not yet provided.","justification_datetime":"2025-10-29 10:49:20","due_date":"2026-04-15","justification_status_name":"In Progress","justification_status_mitigating":"0","instance_key":"NESSUS-135718-7dc18209a894714d3490e6ef63cde57a-2993674-135718-7dc18209a894714d3490e6ef63cde57a-997c7429500c23e3707ba4888e45fdc7"},{"justification_text":null,"host_id":"2993673","finding_number":"51192-c24284c1e92a51b276a1880e311ac47b","scan_type":"NESSUS","finding_justification_key":"51192-c24284c1e92a51b276a1880e311ac47b-ea339918d056f00138f1765f8dc804ec","justification_assignee":[],"justification_status_id":"1","justification_verification_date":null,"has_file":"0","security_comment_text":"Not yet provided.","justification_datetime":"2025-10-29 10:49:20","due_date":null,"justification_status_name":"Active","justification_status_mitigating":"0","instance_key":"NESSUS-51192-c24284c1e92a51b276a1880e311ac47b-2993673-51192-c24284c1e92a51b276a1880e311ac47b-ea339918d056f00138f1765f8dc804ec"},{"justification_text":null,"host_id":"2993651","finding_number":"51192-c24284c1e92a51b276a1880e311ac47b","scan_type":"NESSUS","finding_justification_key":"51192-c24284c1e92a51b276a1880e311ac47b-ea339918d056f00138f1765f8dc804ec","justification_assignee":[],"justification_status_id":"1","justification_verification_date":null,"has_file":"0","security_comment_text":"Not yet provided.","justification_datetime":"2025-10-29 10:49:20","due_date":null,"justification_status_name":"Active","justification_status_mitigating":"0","instance_key":"NESSUS-51192-c24284c1e92a51b276a1880e311ac47b-2993651-51192-c24284c1e92a51b276a1880e311ac47b-ea339918d056f00138f1765f8dc804ec"},{"justification_text":null,"host_id":"2993655","finding_number":"57582-eb618ba03e6fc9c5df76d16a51ef8153","scan_type":"NESSUS","finding_justification_key":"57582-eb618ba03e6fc9c5df76d16a51ef8153-6996f2fdf7e1d66ac5b30cbd2ddfe5f9","justification_assignee":[],"justification_status_id":"1","justification_verification_date":null,"has_file":"0","security_comment_text":"Not yet provided.","justification_datetime":"2025-10-29 10:49:20","due_date":null,"justification_status_name":"Active","justification_status_mitigating":"0","instance_key":"NESSUS-57582-eb618ba03e6fc9c5df76d16a51ef8153-2993655-57582-eb618ba03e6fc9c5df76d16a51ef8153-6996f2fdf7e1d66ac5b30cbd2ddfe5f9"},{"justification_text":null,"host_id":"2993652","finding_number":"51192-c24284c1e92a51b276a1880e311ac47b","scan_type":"NESSUS","finding_justification_key":"51192-c24284c1e92a51b276a1880e311ac47b-3807d5434df5778ab550132291c2999b","justification_assignee":[],"justification_status_id":"1","justification_verification_date":null,"has_file":"0","security_comment_text":"Not yet provided.","justification_datetime":"2025-10-29 10:49:20","due_date":null,"justification_status_name":"Active","justification_status_mitigating":"0","instance_key":"NESSUS-51192-c24284c1e92a51b276a1880e311ac47b-2993652-51192-c24284c1e92a51b276a1880e311ac47b-3807d5434df5778ab550132291c2999b"},{"justification_text":null,"host_id":"2993699","finding_number":"51192-c24284c1e92a51b276a1880e311ac47b","scan_type":"NESSUS","finding_justification_key":"51192-c24284c1e92a51b276a1880e311ac47b-6e12c563aa353f6d9cc32e0d8bb6d3f4","justification_assignee":[],"justification_status_id":"1","justification_verification_date":null,"has_file":"0","security_comment_text":"Not yet provided.","justification_datetime":"2025-10-29 10:49:20","due_date":null,"justification_status_name":"Active","justification_status_mitigating":"0","instance_key":"NESSUS-51192-c24284c1e92a51b276a1880e311ac47b-2993699-51192-c24284c1e92a51b276a1880e311ac47b-6e12c563aa353f6d9cc32e0d8bb6d3f4"},{"justification_text":"[{\"comment\":\"<b>Severity adjusted to:<\/b> High<br><b>Reasoning:<\/b> P4 -> HIGH\",\"date\":1762208446,\"user\":\"Workflow\"},{\"comment\":\"<b>Severity adjusted to:<\/b> High<br><b>Reasoning:<\/b> P4\",\"date\":1763636848,\"user\":\"Workflow\"}]","host_id":"2993707","finding_number":"135718-7dc18209a894714d3490e6ef63cde57a","scan_type":"NESSUS","finding_justification_key":"135718-7dc18209a894714d3490e6ef63cde57a-997c7429500c23e3707ba4888e45fdc7","justification_assignee":[],"justification_status_id":"7","justification_verification_date":"0000-00-00","has_file":"0","security_comment_text":"Not yet provided.","justification_datetime":"2025-10-29 10:49:20","due_date":"2026-04-15","justification_status_name":"In Progress","justification_status_mitigating":"0","instance_key":"NESSUS-135718-7dc18209a894714d3490e6ef63cde57a-2993707-135718-7dc18209a894714d3490e6ef63cde57a-997c7429500c23e3707ba4888e45fdc7"},{"justification_text":null,"host_id":"2993708","finding_number":"51192-c24284c1e92a51b276a1880e311ac47b","scan_type":"NESSUS","finding_justification_key":"51192-c24284c1e92a51b276a1880e311ac47b-6e12c563aa353f6d9cc32e0d8bb6d3f4","justification_assignee":[],"justification_status_id":"1","justification_verification_date":null,"has_file":"0","security_comment_text":"Not yet provided.","justification_datetime":"2025-10-29 10:49:20","due_date":null,"justification_status_name":"Active","justification_status_mitigating":"0","instance_key":"NESSUS-51192-c24284c1e92a51b276a1880e311ac47b-2993708-51192-c24284c1e92a51b276a1880e311ac47b-6e12c563aa353f6d9cc32e0d8bb6d3f4"},{"justification_text":null,"host_id":"2993699","finding_number":"51192-c24284c1e92a51b276a1880e311ac47b","scan_type":"NESSUS","finding_justification_key":"51192-c24284c1e92a51b276a1880e311ac47b-afbab2b598ed084ffd007cf83eb2f335","justification_assignee":[],"justification_status_id":"1","justification_verification_date":null,"has_file":"0","security_comment_text":"Not yet provided.","justification_datetime":"2025-10-29 10:49:20","due_date":null,"justification_status_name":"Active","justification_status_mitigating":"0","instance_key":"NESSUS-51192-c24284c1e92a51b276a1880e311ac47b-2993699-51192-c24284c1e92a51b276a1880e311ac47b-afbab2b598ed084ffd007cf83eb2f335"},{"justification_text":null,"host_id":"2993729","finding_number":"51192-c24284c1e92a51b276a1880e311ac47b","scan_type":"NESSUS","finding_justification_key":"51192-c24284c1e92a51b276a1880e311ac47b-ea339918d056f00138f1765f8dc804ec","justification_assignee":[],"justification_status_id":"1","justification_verification_date":null,"has_file":"0","security_comment_text":"Not yet provided.","justification_datetime":"2025-10-29 10:49:20","due_date":null,"justification_status_name":"Active","justification_status_mitigating":"0","instance_key":"NESSUS-51192-c24284c1e92a51b276a1880e311ac47b-2993729-51192-c24284c1e92a51b276a1880e311ac47b-ea339918d056f00138f1765f8dc804ec"},{"justification_text":null,"host_id":"2993685","finding_number":"51192-c24284c1e92a51b276a1880e311ac47b","scan_type":"NESSUS","finding_justification_key":"51192-c24284c1e92a51b276a1880e311ac47b-ea339918d056f00138f1765f8dc804ec","justification_assignee":[],"justification_status_id":"1","justification_verification_date":null,"has_file":"0","security_comment_text":"Not yet provided.","justification_datetime":"2025-10-29 10:49:20","due_date":null,"justification_status_name":"Active","justification_status_mitigating":"0","instance_key":"NESSUS-51192-c24284c1e92a51b276a1880e311ac47b-2993685-51192-c24284c1e92a51b276a1880e311ac47b-ea339918d056f00138f1765f8dc804ec"},{"justification_text":null,"host_id":"2993699","finding_number":"51192-c24284c1e92a51b276a1880e311ac47b","scan_type":"NESSUS","finding_justification_key":"51192-c24284c1e92a51b276a1880e311ac47b-ea339918d056f00138f1765f8dc804ec","justification_assignee":[],"justification_status_id":"1","justification_verification_date":null,"has_file":"0","security_comment_text":"Not yet provided.","justification_datetime":"2025-10-29 10:49:20","due_date":null,"justification_status_name":"Active","justification_status_mitigating":"0","instance_key":"NESSUS-51192-c24284c1e92a51b276a1880e311ac47b-2993699-51192-c24284c1e92a51b276a1880e311ac47b-ea339918d056f00138f1765f8dc804ec"},{"justification_text":null,"host_id":"2993660","finding_number":"57582-eb618ba03e6fc9c5df76d16a51ef8153","scan_type":"NESSUS","finding_justification_key":"57582-eb618ba03e6fc9c5df76d16a51ef8153-6996f2fdf7e1d66ac5b30cbd2ddfe5f9","justification_assignee":[],"justification_status_id":"1","justification_verification_date":null,"has_file":"0","security_comment_text":"Not yet provided.","justification_datetime":"2025-10-29 10:49:20","due_date":null,"justification_status_name":"Active","justification_status_mitigating":"0","instance_key":"NESSUS-57582-eb618ba03e6fc9c5df76d16a51ef8153-2993660-57582-eb618ba03e6fc9c5df76d16a51ef8153-6996f2fdf7e1d66ac5b30cbd2ddfe5f9"},{"justification_text":null,"host_id":"2993703","finding_number":"57582-eb618ba03e6fc9c5df76d16a51ef8153","scan_type":"NESSUS","finding_justification_key":"57582-eb618ba03e6fc9c5df76d16a51ef8153-6996f2fdf7e1d66ac5b30cbd2ddfe5f9","justification_assignee":[],"justification_status_id":"1","justification_verification_date":null,"has_file":"0","security_comment_text":"Not yet provided.","justification_datetime":"2025-10-29 10:49:20","due_date":null,"justification_status_name":"Active","justification_status_mitigating":"0","instance_key":"NESSUS-57582-eb618ba03e6fc9c5df76d16a51ef8153-2993703-57582-eb618ba03e6fc9c5df76d16a51ef8153-6996f2fdf7e1d66ac5b30cbd2ddfe5f9"},{"justification_text":"[{\"comment\":\"<b>Severity adjusted to:<\/b> High<br><b>Reasoning:<\/b> P4 -> HIGH\",\"date\":1762208446,\"user\":\"Workflow\"},{\"comment\":\"<b>Severity adjusted to:<\/b> High<br><b>Reasoning:<\/b> P4\",\"date\":1763636848,\"user\":\"Workflow\"}]","host_id":"2993729","finding_number":"42873-139ff9e0f513dac8a394050f2829a4b3","scan_type":"NESSUS","finding_justification_key":"42873-139ff9e0f513dac8a394050f2829a4b3-3c37cbc5560ed22c25be37a3149efa07","justification_assignee":[],"justification_status_id":"7","justification_verification_date":"0000-00-00","has_file":"0","security_comment_text":"Not yet provided.","justification_datetime":"2025-10-29 10:49:20","due_date":"2026-04-15","justification_status_name":"In Progress","justification_status_mitigating":"0","instance_key":"NESSUS-42873-139ff9e0f513dac8a394050f2829a4b3-2993729-42873-139ff9e0f513dac8a394050f2829a4b3-3c37cbc5560ed22c25be37a3149efa07"},{"justification_text":null,"host_id":"2993690","finding_number":"57582-eb618ba03e6fc9c5df76d16a51ef8153","scan_type":"NESSUS","finding_justification_key":"57582-eb618ba03e6fc9c5df76d16a51ef8153-6996f2fdf7e1d66ac5b30cbd2ddfe5f9","justification_assignee":[],"justification_status_id":"1","justification_verification_date":null,"has_file":"0","security_comment_text":"Not yet provided.","justification_datetime":"2025-10-29 10:49:20","due_date":null,"justification_status_name":"Active","justification_status_mitigating":"0","instance_key":"NESSUS-57582-eb618ba03e6fc9c5df76d16a51ef8153-2993690-57582-eb618ba03e6fc9c5df76d16a51ef8153-6996f2fdf7e1d66ac5b30cbd2ddfe5f9"},{"justification_text":null,"host_id":"2993699","finding_number":"51192-c24284c1e92a51b276a1880e311ac47b","scan_type":"NESSUS","finding_justification_key":"51192-c24284c1e92a51b276a1880e311ac47b-14133c94b5ac7f5f0f19411ea3c40bb1","justification_assignee":[],"justification_status_id":"1","justification_verification_date":null,"has_file":"0","security_comment_text":"Not yet provided.","justification_datetime":"2025-10-29 10:49:20","due_date":null,"justification_status_name":"Active","justification_status_mitigating":"0","instance_key":"NESSUS-51192-c24284c1e92a51b276a1880e311ac47b-2993699-51192-c24284c1e92a51b276a1880e311ac47b-14133c94b5ac7f5f0f19411ea3c40bb1"},{"justification_text":null,"host_id":"2993653","finding_number":"57582-eb618ba03e6fc9c5df76d16a51ef8153","scan_type":"NESSUS","finding_justification_key":"57582-eb618ba03e6fc9c5df76d16a51ef8153-6996f2fdf7e1d66ac5b30cbd2ddfe5f9","justification_assignee":[],"justification_status_id":"1","justification_verification_date":null,"has_file":"0","security_comment_text":"Not yet provided.","justification_datetime":"2025-10-29 10:49:20","due_date":null,"justification_status_name":"Active","justification_status_mitigating":"0","instance_key":"NESSUS-57582-eb618ba03e6fc9c5df76d16a51ef8153-2993653-57582-eb618ba03e6fc9c5df76d16a51ef8153-6996f2fdf7e1d66ac5b30cbd2ddfe5f9"},{"justification_text":null,"host_id":"2993710","finding_number":"57582-eb618ba03e6fc9c5df76d16a51ef8153","scan_type":"NESSUS","finding_justification_key":"57582-eb618ba03e6fc9c5df76d16a51ef8153-dd96e307aeff27afb4c85d1b2117d037","justification_assignee":[],"justification_status_id":"1","justification_verification_date":null,"has_file":"0","security_comment_text":"Not yet provided.","justification_datetime":"2025-10-29 10:49:20","due_date":null,"justification_status_name":"Active","justification_status_mitigating":"0","instance_key":"NESSUS-57582-eb618ba03e6fc9c5df76d16a51ef8153-2993710-57582-eb618ba03e6fc9c5df76d16a51ef8153-dd96e307aeff27afb4c85d1b2117d037"},{"justification_text":"[{\"comment\":\"<b>Severity adjusted to:<\/b> High<br><b>Reasoning:<\/b> P4 -> HIGH\",\"date\":1762208446,\"user\":\"Workflow\"},{\"comment\":\"<b>Severity adjusted to:<\/b> High<br><b>Reasoning:<\/b> P4\",\"date\":1763636848,\"user\":\"Workflow\"}]","host_id":"2993653","finding_number":"135718-7dc18209a894714d3490e6ef63cde57a","scan_type":"NESSUS","finding_justification_key":"135718-7dc18209a894714d3490e6ef63cde57a-997c7429500c23e3707ba4888e45fdc7","justification_assignee":[],"justification_status_id":"7","justification_verification_date":"0000-00-00","has_file":"0","security_comment_text":"Not yet provided.","justification_datetime":"2025-10-29 10:49:20","due_date":"2026-04-15","justification_status_name":"In Progress","justification_status_mitigating":"0","instance_key":"NESSUS-135718-7dc18209a894714d3490e6ef63cde57a-2993653-135718-7dc18209a894714d3490e6ef63cde57a-997c7429500c23e3707ba4888e45fdc7"},{"justification_text":null,"host_id":"2993677","finding_number":"51192-c24284c1e92a51b276a1880e311ac47b","scan_type":"NESSUS","finding_justification_key":"51192-c24284c1e92a51b276a1880e311ac47b-6e12c563aa353f6d9cc32e0d8bb6d3f4","justification_assignee":[],"justification_status_id":"1","justification_verification_date":null,"has_file":"0","security_comment_text":"Not yet provided.","justification_datetime":"2025-10-29 10:49:20","due_date":null,"justification_status_name":"Active","justification_status_mitigating":"0","instance_key":"NESSUS-51192-c24284c1e92a51b276a1880e311ac47b-2993677-51192-c24284c1e92a51b276a1880e311ac47b-6e12c563aa353f6d9cc32e0d8bb6d3f4"},{"justification_text":null,"host_id":"2993739","finding_number":"51192-c24284c1e92a51b276a1880e311ac47b","scan_type":"NESSUS","finding_justification_key":"51192-c24284c1e92a51b276a1880e311ac47b-ea339918d056f00138f1765f8dc804ec","justification_assignee":[],"justification_status_id":"1","justification_verification_date":null,"has_file":"0","security_comment_text":"Not yet provided.","justification_datetime":"2025-10-29 10:49:20","due_date":null,"justification_status_name":"Active","justification_status_mitigating":"0","instance_key":"NESSUS-51192-c24284c1e92a51b276a1880e311ac47b-2993739-51192-c24284c1e92a51b276a1880e311ac47b-ea339918d056f00138f1765f8dc804ec"},{"justification_text":null,"host_id":"2993710","finding_number":"51192-c24284c1e92a51b276a1880e311ac47b","scan_type":"NESSUS","finding_justification_key":"51192-c24284c1e92a51b276a1880e311ac47b-ea339918d056f00138f1765f8dc804ec","justification_assignee":[],"justification_status_id":"1","justification_verification_date":null,"has_file":"0","security_comment_text":"Not yet provided.","justification_datetime":"2025-10-29 10:49:20","due_date":null,"justification_status_name":"Active","justification_status_mitigating":"0","instance_key":"NESSUS-51192-c24284c1e92a51b276a1880e311ac47b-2993710-51192-c24284c1e92a51b276a1880e311ac47b-ea339918d056f00138f1765f8dc804ec"},{"justification_text":null,"host_id":"2993662","finding_number":"51192-c24284c1e92a51b276a1880e311ac47b","scan_type":"NESSUS","finding_justification_key":"51192-c24284c1e92a51b276a1880e311ac47b-b1df38d3f6b9e3cc78c69b406210d4ce","justification_assignee":[],"justification_status_id":"1","justification_verification_date":null,"has_file":"0","security_comment_text":"Not yet provided.","justification_datetime":"2025-10-29 10:49:20","due_date":null,"justification_status_name":"Active","justification_status_mitigating":"0","instance_key":"NESSUS-51192-c24284c1e92a51b276a1880e311ac47b-2993662-51192-c24284c1e92a51b276a1880e311ac47b-b1df38d3f6b9e3cc78c69b406210d4ce"},{"justification_text":"[{\"comment\":\"<b>Severity adjusted to:<\/b> High<br><b>Reasoning:<\/b> P4 -> HIGH\",\"date\":1762208446,\"user\":\"Workflow\"},{\"comment\":\"<b>Severity adjusted to:<\/b> High<br><b>Reasoning:<\/b> P4\",\"date\":1763636848,\"user\":\"Workflow\"}]","host_id":"2993699","finding_number":"135718-7dc18209a894714d3490e6ef63cde57a","scan_type":"NESSUS","finding_justification_key":"135718-7dc18209a894714d3490e6ef63cde57a-997c7429500c23e3707ba4888e45fdc7","justification_assignee":[],"justification_status_id":"7","justification_verification_date":"0000-00-00","has_file":"0","security_comment_text":"Not yet provided.","justification_datetime":"2025-10-29 10:49:20","due_date":"2026-04-15","justification_status_name":"In Progress","justification_status_mitigating":"0","instance_key":"NESSUS-135718-7dc18209a894714d3490e6ef63cde57a-2993699-135718-7dc18209a894714d3490e6ef63cde57a-997c7429500c23e3707ba4888e45fdc7"},{"justification_text":null,"host_id":"2993653","finding_number":"51192-c24284c1e92a51b276a1880e311ac47b","scan_type":"NESSUS","finding_justification_key":"51192-c24284c1e92a51b276a1880e311ac47b-6e12c563aa353f6d9cc32e0d8bb6d3f4","justification_assignee":[],"justification_status_id":"1","justification_verification_date":null,"has_file":"0","security_comment_text":"Not yet provided.","justification_datetime":"2025-10-29 10:49:20","due_date":null,"justification_status_name":"Active","justification_status_mitigating":"0","instance_key":"NESSUS-51192-c24284c1e92a51b276a1880e311ac47b-2993653-51192-c24284c1e92a51b276a1880e311ac47b-6e12c563aa353f6d9cc32e0d8bb6d3f4"},{"justification_text":"[{\"comment\":\"<b>Severity adjusted to:<\/b> High<br><b>Reasoning:<\/b> P4 -> HIGH\",\"date\":1762208446,\"user\":\"Workflow\"},{\"comment\":\"<b>Severity adjusted to:<\/b> High<br><b>Reasoning:<\/b> P4\",\"date\":1763636848,\"user\":\"Workflow\"}]","host_id":"2993659","finding_number":"135718-7dc18209a894714d3490e6ef63cde57a","scan_type":"NESSUS","finding_justification_key":"135718-7dc18209a894714d3490e6ef63cde57a-997c7429500c23e3707ba4888e45fdc7","justification_assignee":[],"justification_status_id":"7","justification_verification_date":"0000-00-00","has_file":"0","security_comment_text":"Not yet provided.","justification_datetime":"2025-10-29 10:49:20","due_date":"2026-04-15","justification_status_name":"In Progress","justification_status_mitigating":"0","instance_key":"NESSUS-135718-7dc18209a894714d3490e6ef63cde57a-2993659-135718-7dc18209a894714d3490e6ef63cde57a-997c7429500c23e3707ba4888e45fdc7"},{"justification_text":null,"host_id":"2993659","finding_number":"51192-c24284c1e92a51b276a1880e311ac47b","scan_type":"NESSUS","finding_justification_key":"51192-c24284c1e92a51b276a1880e311ac47b-ea339918d056f00138f1765f8dc804ec","justification_assignee":[],"justification_status_id":"1","justification_verification_date":null,"has_file":"0","security_comment_text":"Not yet provided.","justification_datetime":"2025-10-29 10:49:20","due_date":null,"justification_status_name":"Active","justification_status_mitigating":"0","instance_key":"NESSUS-51192-c24284c1e92a51b276a1880e311ac47b-2993659-51192-c24284c1e92a51b276a1880e311ac47b-ea339918d056f00138f1765f8dc804ec"},{"justification_text":null,"host_id":"2993698","finding_number":"51192-c24284c1e92a51b276a1880e311ac47b","scan_type":"NESSUS","finding_justification_key":"51192-c24284c1e92a51b276a1880e311ac47b-ea339918d056f00138f1765f8dc804ec","justification_assignee":[],"justification_status_id":"1","justification_verification_date":null,"has_file":"0","security_comment_text":"Not yet provided.","justification_datetime":"2025-10-29 10:49:20","due_date":null,"justification_status_name":"Active","justification_status_mitigating":"0","instance_key":"NESSUS-51192-c24284c1e92a51b276a1880e311ac47b-2993698-51192-c24284c1e92a51b276a1880e311ac47b-ea339918d056f00138f1765f8dc804ec"},{"justification_text":null,"host_id":"2993692","finding_number":"51192-c24284c1e92a51b276a1880e311ac47b","scan_type":"NESSUS","finding_justification_key":"51192-c24284c1e92a51b276a1880e311ac47b-6e12c563aa353f6d9cc32e0d8bb6d3f4","justification_assignee":[],"justification_status_id":"1","justification_verification_date":null,"has_file":"0","security_comment_text":"Not yet provided.","justification_datetime":"2025-10-29 10:49:20","due_date":null,"justification_status_name":"Active","justification_status_mitigating":"0","instance_key":"NESSUS-51192-c24284c1e92a51b276a1880e311ac47b-2993692-51192-c24284c1e92a51b276a1880e311ac47b-6e12c563aa353f6d9cc32e0d8bb6d3f4"},{"justification_text":null,"host_id":"2993710","finding_number":"51192-c24284c1e92a51b276a1880e311ac47b","scan_type":"NESSUS","finding_justification_key":"51192-c24284c1e92a51b276a1880e311ac47b-3807d5434df5778ab550132291c2999b","justification_assignee":[],"justification_status_id":"1","justification_verification_date":null,"has_file":"0","security_comment_text":"Not yet provided.","justification_datetime":"2025-10-29 10:49:20","due_date":null,"justification_status_name":"Active","justification_status_mitigating":"0","instance_key":"NESSUS-51192-c24284c1e92a51b276a1880e311ac47b-2993710-51192-c24284c1e92a51b276a1880e311ac47b-3807d5434df5778ab550132291c2999b"},{"justification_text":null,"host_id":"2993680","finding_number":"51192-c24284c1e92a51b276a1880e311ac47b","scan_type":"NESSUS","finding_justification_key":"51192-c24284c1e92a51b276a1880e311ac47b-69eb72bb656f2b4347cff58113471268","justification_assignee":[],"justification_status_id":"1","justification_verification_date":null,"has_file":"0","security_comment_text":"Not yet provided.","justification_datetime":"2025-10-29 10:49:20","due_date":null,"justification_status_name":"Active","justification_status_mitigating":"0","instance_key":"NESSUS-51192-c24284c1e92a51b276a1880e311ac47b-2993680-51192-c24284c1e92a51b276a1880e311ac47b-69eb72bb656f2b4347cff58113471268"},{"justification_text":null,"host_id":"2993719","finding_number":"57582-eb618ba03e6fc9c5df76d16a51ef8153","scan_type":"NESSUS","finding_justification_key":"57582-eb618ba03e6fc9c5df76d16a51ef8153-6996f2fdf7e1d66ac5b30cbd2ddfe5f9","justification_assignee":[],"justification_status_id":"1","justification_verification_date":null,"has_file":"0","security_comment_text":"Not yet provided.","justification_datetime":"2025-10-29 10:49:20","due_date":null,"justification_status_name":"Active","justification_status_mitigating":"0","instance_key":"NESSUS-57582-eb618ba03e6fc9c5df76d16a51ef8153-2993719-57582-eb618ba03e6fc9c5df76d16a51ef8153-6996f2fdf7e1d66ac5b30cbd2ddfe5f9"},{"justification_text":null,"host_id":"2993652","finding_number":"51192-c24284c1e92a51b276a1880e311ac47b","scan_type":"NESSUS","finding_justification_key":"51192-c24284c1e92a51b276a1880e311ac47b-e95f7a18ed6479ab09c9e74d4e83226d","justification_assignee":[],"justification_status_id":"1","justification_verification_date":null,"has_file":"0","security_comment_text":"Not yet provided.","justification_datetime":"2025-10-29 10:49:20","due_date":null,"justification_status_name":"Active","justification_status_mitigating":"0","instance_key":"NESSUS-51192-c24284c1e92a51b276a1880e311ac47b-2993652-51192-c24284c1e92a51b276a1880e311ac47b-e95f7a18ed6479ab09c9e74d4e83226d"},{"justification_text":null,"host_id":"2993707","finding_number":"57582-eb618ba03e6fc9c5df76d16a51ef8153","scan_type":"NESSUS","finding_justification_key":"57582-eb618ba03e6fc9c5df76d16a51ef8153-7d7fa4128c034e36baaa64887a1be819","justification_assignee":[],"justification_status_id":"1","justification_verification_date":null,"has_file":"0","security_comment_text":"Not yet provided.","justification_datetime":"2025-10-29 10:49:20","due_date":null,"justification_status_name":"Active","justification_status_mitigating":"0","instance_key":"NESSUS-57582-eb618ba03e6fc9c5df76d16a51ef8153-2993707-57582-eb618ba03e6fc9c5df76d16a51ef8153-7d7fa4128c034e36baaa64887a1be819"},{"justification_text":null,"host_id":"2993739","finding_number":"51192-c24284c1e92a51b276a1880e311ac47b","scan_type":"NESSUS","finding_justification_key":"51192-c24284c1e92a51b276a1880e311ac47b-08e9410174dd40f4800058c5d3aab2f8","justification_assignee":[],"justification_status_id":"1","justification_verification_date":null,"has_file":"0","security_comment_text":"Not yet provided.","justification_datetime":"2025-10-29 10:49:20","due_date":null,"justification_status_name":"Active","justification_status_mitigating":"0","instance_key":"NESSUS-51192-c24284c1e92a51b276a1880e311ac47b-2993739-51192-c24284c1e92a51b276a1880e311ac47b-08e9410174dd40f4800058c5d3aab2f8"},{"justification_text":null,"host_id":"2993655","finding_number":"51192-c24284c1e92a51b276a1880e311ac47b","scan_type":"NESSUS","finding_justification_key":"51192-c24284c1e92a51b276a1880e311ac47b-ea339918d056f00138f1765f8dc804ec","justification_assignee":[],"justification_status_id":"1","justification_verification_date":null,"has_file":"0","security_comment_text":"Not yet provided.","justification_datetime":"2025-10-29 10:49:20","due_date":null,"justification_status_name":"Active","justification_status_mitigating":"0","instance_key":"NESSUS-51192-c24284c1e92a51b276a1880e311ac47b-2993655-51192-c24284c1e92a51b276a1880e311ac47b-ea339918d056f00138f1765f8dc804ec"},{"justification_text":null,"host_id":"2993665","finding_number":"51192-c24284c1e92a51b276a1880e311ac47b","scan_type":"NESSUS","finding_justification_key":"51192-c24284c1e92a51b276a1880e311ac47b-ea339918d056f00138f1765f8dc804ec","justification_assignee":[],"justification_status_id":"1","justification_verification_date":null,"has_file":"0","security_comment_text":"Not yet provided.","justification_datetime":"2025-10-29 10:49:20","due_date":null,"justification_status_name":"Active","justification_status_mitigating":"0","instance_key":"NESSUS-51192-c24284c1e92a51b276a1880e311ac47b-2993665-51192-c24284c1e92a51b276a1880e311ac47b-ea339918d056f00138f1765f8dc804ec"},{"justification_text":null,"host_id":"2993699","finding_number":"51192-c24284c1e92a51b276a1880e311ac47b","scan_type":"NESSUS","finding_justification_key":"51192-c24284c1e92a51b276a1880e311ac47b-9d50f617a284465c1b91bf8343f7c773","justification_assignee":[],"justification_status_id":"1","justification_verification_date":null,"has_file":"0","security_comment_text":"Not yet provided.","justification_datetime":"2025-10-29 10:49:20","due_date":null,"justification_status_name":"Active","justification_status_mitigating":"0","instance_key":"NESSUS-51192-c24284c1e92a51b276a1880e311ac47b-2993699-51192-c24284c1e92a51b276a1880e311ac47b-9d50f617a284465c1b91bf8343f7c773"},{"justification_text":null,"host_id":"2993677","finding_number":"51192-c24284c1e92a51b276a1880e311ac47b","scan_type":"NESSUS","finding_justification_key":"51192-c24284c1e92a51b276a1880e311ac47b-61851bfea446493d7e0c63527f8b4348","justification_assignee":[],"justification_status_id":"1","justification_verification_date":null,"has_file":"0","security_comment_text":"Not yet provided.","justification_datetime":"2025-10-29 10:49:20","due_date":null,"justification_status_name":"Active","justification_status_mitigating":"0","instance_key":"NESSUS-51192-c24284c1e92a51b276a1880e311ac47b-2993677-51192-c24284c1e92a51b276a1880e311ac47b-61851bfea446493d7e0c63527f8b4348"},{"justification_text":null,"host_id":"2993692","finding_number":"51192-c24284c1e92a51b276a1880e311ac47b","scan_type":"NESSUS","finding_justification_key":"51192-c24284c1e92a51b276a1880e311ac47b-ea339918d056f00138f1765f8dc804ec","justification_assignee":[],"justification_status_id":"1","justification_verification_date":null,"has_file":"0","security_comment_text":"Not yet provided.","justification_datetime":"2025-10-29 10:49:20","due_date":null,"justification_status_name":"Active","justification_status_mitigating":"0","instance_key":"NESSUS-51192-c24284c1e92a51b276a1880e311ac47b-2993692-51192-c24284c1e92a51b276a1880e311ac47b-ea339918d056f00138f1765f8dc804ec"},{"justification_text":null,"host_id":"2993652","finding_number":"57582-eb618ba03e6fc9c5df76d16a51ef8153","scan_type":"NESSUS","finding_justification_key":"57582-eb618ba03e6fc9c5df76d16a51ef8153-6996f2fdf7e1d66ac5b30cbd2ddfe5f9","justification_assignee":[],"justification_status_id":"1","justification_verification_date":null,"has_file":"0","security_comment_text":"Not yet provided.","justification_datetime":"2025-10-29 10:49:20","due_date":null,"justification_status_name":"Active","justification_status_mitigating":"0","instance_key":"NESSUS-57582-eb618ba03e6fc9c5df76d16a51ef8153-2993652-57582-eb618ba03e6fc9c5df76d16a51ef8153-6996f2fdf7e1d66ac5b30cbd2ddfe5f9"},{"justification_text":null,"host_id":"2993719","finding_number":"51192-c24284c1e92a51b276a1880e311ac47b","scan_type":"NESSUS","finding_justification_key":"51192-c24284c1e92a51b276a1880e311ac47b-ea339918d056f00138f1765f8dc804ec","justification_assignee":[],"justification_status_id":"1","justification_verification_date":null,"has_file":"0","security_comment_text":"Not yet provided.","justification_datetime":"2025-10-29 10:49:20","due_date":null,"justification_status_name":"Active","justification_status_mitigating":"0","instance_key":"NESSUS-51192-c24284c1e92a51b276a1880e311ac47b-2993719-51192-c24284c1e92a51b276a1880e311ac47b-ea339918d056f00138f1765f8dc804ec"},{"justification_text":null,"host_id":"2993738","finding_number":"57582-eb618ba03e6fc9c5df76d16a51ef8153","scan_type":"NESSUS","finding_justification_key":"57582-eb618ba03e6fc9c5df76d16a51ef8153-6996f2fdf7e1d66ac5b30cbd2ddfe5f9","justification_assignee":[],"justification_status_id":"1","justification_verification_date":null,"has_file":"0","security_comment_text":"Not yet provided.","justification_datetime":"2025-10-29 10:49:20","due_date":null,"justification_status_name":"Active","justification_status_mitigating":"0","instance_key":"NESSUS-57582-eb618ba03e6fc9c5df76d16a51ef8153-2993738-57582-eb618ba03e6fc9c5df76d16a51ef8153-6996f2fdf7e1d66ac5b30cbd2ddfe5f9"},{"justification_text":null,"host_id":"2993712","finding_number":"51192-c24284c1e92a51b276a1880e311ac47b","scan_type":"NESSUS","finding_justification_key":"51192-c24284c1e92a51b276a1880e311ac47b-ea339918d056f00138f1765f8dc804ec","justification_assignee":[],"justification_status_id":"1","justification_verification_date":null,"has_file":"0","security_comment_text":"Not yet provided.","justification_datetime":"2025-10-29 10:49:20","due_date":null,"justification_status_name":"Active","justification_status_mitigating":"0","instance_key":"NESSUS-51192-c24284c1e92a51b276a1880e311ac47b-2993712-51192-c24284c1e92a51b276a1880e311ac47b-ea339918d056f00138f1765f8dc804ec"},{"justification_text":null,"host_id":"2993713","finding_number":"51192-c24284c1e92a51b276a1880e311ac47b","scan_type":"NESSUS","finding_justification_key":"51192-c24284c1e92a51b276a1880e311ac47b-b1df38d3f6b9e3cc78c69b406210d4ce","justification_assignee":[],"justification_status_id":"1","justification_verification_date":null,"has_file":"0","security_comment_text":"Not yet provided.","justification_datetime":"2025-10-29 10:49:20","due_date":null,"justification_status_name":"Active","justification_status_mitigating":"0","instance_key":"NESSUS-51192-c24284c1e92a51b276a1880e311ac47b-2993713-51192-c24284c1e92a51b276a1880e311ac47b-b1df38d3f6b9e3cc78c69b406210d4ce"},{"justification_text":null,"host_id":"2993665","finding_number":"57582-eb618ba03e6fc9c5df76d16a51ef8153","scan_type":"NESSUS","finding_justification_key":"57582-eb618ba03e6fc9c5df76d16a51ef8153-6996f2fdf7e1d66ac5b30cbd2ddfe5f9","justification_assignee":[],"justification_status_id":"1","justification_verification_date":null,"has_file":"0","security_comment_text":"Not yet provided.","justification_datetime":"2025-10-29 10:49:20","due_date":null,"justification_status_name":"Active","justification_status_mitigating":"0","instance_key":"NESSUS-57582-eb618ba03e6fc9c5df76d16a51ef8153-2993665-57582-eb618ba03e6fc9c5df76d16a51ef8153-6996f2fdf7e1d66ac5b30cbd2ddfe5f9"},{"justification_text":null,"host_id":"2993672","finding_number":"51192-c24284c1e92a51b276a1880e311ac47b","scan_type":"NESSUS","finding_justification_key":"51192-c24284c1e92a51b276a1880e311ac47b-ea339918d056f00138f1765f8dc804ec","justification_assignee":[],"justification_status_id":"1","justification_verification_date":null,"has_file":"0","security_comment_text":"Not yet provided.","justification_datetime":"2025-10-29 10:49:20","due_date":null,"justification_status_name":"Active","justification_status_mitigating":"0","instance_key":"NESSUS-51192-c24284c1e92a51b276a1880e311ac47b-2993672-51192-c24284c1e92a51b276a1880e311ac47b-ea339918d056f00138f1765f8dc804ec"},{"justification_text":null,"host_id":"2993731","finding_number":"57582-eb618ba03e6fc9c5df76d16a51ef8153","scan_type":"NESSUS","finding_justification_key":"57582-eb618ba03e6fc9c5df76d16a51ef8153-6996f2fdf7e1d66ac5b30cbd2ddfe5f9","justification_assignee":[],"justification_status_id":"1","justification_verification_date":null,"has_file":"0","security_comment_text":"Not yet provided.","justification_datetime":"2025-10-29 10:49:20","due_date":null,"justification_status_name":"Active","justification_status_mitigating":"0","instance_key":"NESSUS-57582-eb618ba03e6fc9c5df76d16a51ef8153-2993731-57582-eb618ba03e6fc9c5df76d16a51ef8153-6996f2fdf7e1d66ac5b30cbd2ddfe5f9"},{"justification_text":null,"host_id":"2993680","finding_number":"51192-c24284c1e92a51b276a1880e311ac47b","scan_type":"NESSUS","finding_justification_key":"51192-c24284c1e92a51b276a1880e311ac47b-ea339918d056f00138f1765f8dc804ec","justification_assignee":[],"justification_status_id":"1","justification_verification_date":null,"has_file":"0","security_comment_text":"Not yet provided.","justification_datetime":"2025-10-29 10:49:20","due_date":null,"justification_status_name":"Active","justification_status_mitigating":"0","instance_key":"NESSUS-51192-c24284c1e92a51b276a1880e311ac47b-2993680-51192-c24284c1e92a51b276a1880e311ac47b-ea339918d056f00138f1765f8dc804ec"},{"justification_text":null,"host_id":"2993727","finding_number":"51192-c24284c1e92a51b276a1880e311ac47b","scan_type":"NESSUS","finding_justification_key":"51192-c24284c1e92a51b276a1880e311ac47b-6e12c563aa353f6d9cc32e0d8bb6d3f4","justification_assignee":[],"justification_status_id":"1","justification_verification_date":null,"has_file":"0","security_comment_text":"Not yet provided.","justification_datetime":"2025-10-29 10:49:20","due_date":null,"justification_status_name":"Active","justification_status_mitigating":"0","instance_key":"NESSUS-51192-c24284c1e92a51b276a1880e311ac47b-2993727-51192-c24284c1e92a51b276a1880e311ac47b-6e12c563aa353f6d9cc32e0d8bb6d3f4"},{"justification_text":null,"host_id":"2993673","finding_number":"51192-c24284c1e92a51b276a1880e311ac47b","scan_type":"NESSUS","finding_justification_key":"51192-c24284c1e92a51b276a1880e311ac47b-3bbeb698d6124ea378a83e069ac2166e","justification_assignee":[],"justification_status_id":"1","justification_verification_date":null,"has_file":"0","security_comment_text":"Not yet provided.","justification_datetime":"2025-10-29 10:49:20","due_date":null,"justification_status_name":"Active","justification_status_mitigating":"0","instance_key":"NESSUS-51192-c24284c1e92a51b276a1880e311ac47b-2993673-51192-c24284c1e92a51b276a1880e311ac47b-3bbeb698d6124ea378a83e069ac2166e"},{"justification_text":null,"host_id":"2993743","finding_number":"51192-c24284c1e92a51b276a1880e311ac47b","scan_type":"NESSUS","finding_justification_key":"51192-c24284c1e92a51b276a1880e311ac47b-ea339918d056f00138f1765f8dc804ec","justification_assignee":[],"justification_status_id":"1","justification_verification_date":null,"has_file":"0","security_comment_text":"Not yet provided.","justification_datetime":"2025-10-29 10:49:20","due_date":null,"justification_status_name":"Active","justification_status_mitigating":"0","instance_key":"NESSUS-51192-c24284c1e92a51b276a1880e311ac47b-2993743-51192-c24284c1e92a51b276a1880e311ac47b-ea339918d056f00138f1765f8dc804ec"},{"justification_text":null,"host_id":"2993710","finding_number":"57582-eb618ba03e6fc9c5df76d16a51ef8153","scan_type":"NESSUS","finding_justification_key":"57582-eb618ba03e6fc9c5df76d16a51ef8153-6996f2fdf7e1d66ac5b30cbd2ddfe5f9","justification_assignee":[],"justification_status_id":"1","justification_verification_date":null,"has_file":"0","security_comment_text":"Not yet provided.","justification_datetime":"2025-10-29 10:49:20","due_date":null,"justification_status_name":"Active","justification_status_mitigating":"0","instance_key":"NESSUS-57582-eb618ba03e6fc9c5df76d16a51ef8153-2993710-57582-eb618ba03e6fc9c5df76d16a51ef8153-6996f2fdf7e1d66ac5b30cbd2ddfe5f9"},{"justification_text":null,"host_id":"2993652","finding_number":"51192-c24284c1e92a51b276a1880e311ac47b","scan_type":"NESSUS","finding_justification_key":"51192-c24284c1e92a51b276a1880e311ac47b-ea339918d056f00138f1765f8dc804ec","justification_assignee":[],"justification_status_id":"1","justification_verification_date":null,"has_file":"0","security_comment_text":"Not yet provided.","justification_datetime":"2025-10-29 10:49:20","due_date":null,"justification_status_name":"Active","justification_status_mitigating":"0","instance_key":"NESSUS-51192-c24284c1e92a51b276a1880e311ac47b-2993652-51192-c24284c1e92a51b276a1880e311ac47b-ea339918d056f00138f1765f8dc804ec"},{"justification_text":null,"host_id":"2993686","finding_number":"57582-eb618ba03e6fc9c5df76d16a51ef8153","scan_type":"NESSUS","finding_justification_key":"57582-eb618ba03e6fc9c5df76d16a51ef8153-c6f2555dbc8eff5408613aac902c6ec1","justification_assignee":[],"justification_status_id":"1","justification_verification_date":null,"has_file":"0","security_comment_text":"Not yet provided.","justification_datetime":"2025-10-29 10:49:20","due_date":null,"justification_status_name":"Active","justification_status_mitigating":"0","instance_key":"NESSUS-57582-eb618ba03e6fc9c5df76d16a51ef8153-2993686-57582-eb618ba03e6fc9c5df76d16a51ef8153-c6f2555dbc8eff5408613aac902c6ec1"},{"justification_text":null,"host_id":"2993674","finding_number":"57582-eb618ba03e6fc9c5df76d16a51ef8153","scan_type":"NESSUS","finding_justification_key":"57582-eb618ba03e6fc9c5df76d16a51ef8153-6996f2fdf7e1d66ac5b30cbd2ddfe5f9","justification_assignee":[],"justification_status_id":"1","justification_verification_date":null,"has_file":"0","security_comment_text":"Not yet provided.","justification_datetime":"2025-10-29 10:49:20","due_date":null,"justification_status_name":"Active","justification_status_mitigating":"0","instance_key":"NESSUS-57582-eb618ba03e6fc9c5df76d16a51ef8153-2993674-57582-eb618ba03e6fc9c5df76d16a51ef8153-6996f2fdf7e1d66ac5b30cbd2ddfe5f9"}}]}